Workbook

Sheet CORRESPONDENCIA
F3: COMPOSIÇÃO ANALÍTICA | H3: NBR 15965
A4: Subgrupo | C4: Código da Composição | E4: Descrição SICRO | F4: Código do Insumo | G4: Descrição do Insumo | H4: Classificação NBR 15965 | I4: Nível 1 | J4: Nível 2 | K4: Nível 3 | L4: Nível 4 | M4: Nível 5 | N4: Nível 6 | O4: Nível 7
A5: 2.1.1 | B5: Desmatamento, destocamento e limpeza-área com árvores de diâmetro até 0, 15 m | C5: 5501700 | D5: =A5 -> 2.1.1 | E5: Desmatamento, destocamento e limpeza-área com árvores de diâmetro até 0, 15 m
F6: E9541 | G6: Trator sobre esteiras com lâmina - 259 kW | H6: =VLOOKUP(G6,'insumos terrapl'!$C$3:$K$47,2,0) -> 2Q 62 30 02 14 00 00 | I6: =VLOOKUP(G6,'insumos terrapl'!$C$3:$K$47,3,0) -> 2Q | J6: =VLOOKUP(G6,'insumos terrapl'!$C$3:$K$47,4,0) -> 62 | K6: =VLOOKUP(G6,'insumos terrapl'!$C$3:$K$47,5,0) -> 30 | L6: =VLOOKUP(G6,'insumos terrapl'!$C$3:$K$47,6,0) -> 02 | M6: =VLOOKUP(G6,'insumos terrapl'!$C$3:$K$47,7,0) -> 14 | N6: =VLOOKUP(G6,'insumos terrapl'!$C$3:$K$47,8,0) -> 00 | O6: =VLOOKUP(G6,'insumos terrapl'!$C$3:$K$47,9,0) -> 00
F7: P9824 | G7: Servente | H7: =VLOOKUP(G7,'insumos terrapl'!$C$3:$K$47,2,0) -> 2N 20 14 08 00 00 00 | I7: =VLOOKUP(G7,'insumos terrapl'!$C$3:$K$47,3,0) -> 2N | J7: =VLOOKUP(G7,'insumos terrapl'!$C$3:$K$47,4,0) -> 20 | K7: =VLOOKUP(G7,'insumos terrapl'!$C$3:$K$47,5,0) -> 14 | L7: =VLOOKUP(G7,'insumos terrapl'!$C$3:$K$47,6,0) -> 08 | M7: =VLOOKUP(G7,'insumos terrapl'!$C$3:$K$47,7,0) -> 00 | N7: =VLOOKUP(G7,'insumos terrapl'!$C$3:$K$47,8,0) -> 00 | O7: =VLOOKUP(G7,'insumos terrapl'!$C$3:$K$47,9,0) -> 00
A9: 2.1.2 | B9: Destocamento de árvores de diâmetro superior a 0,15m | C9: 5501701 | D9: =A9 -> 2.1.2 | E9: Destocamento de árvores de diâmetro de 0,15 a 0,30 m | F9: 5501701
F10: E9541 | G10: Trator sobre esteiras com lâmina - 259 kW | H10: =VLOOKUP(G10,'insumos terrapl'!$C$3:$K$47,2,0) -> 2Q 62 30 02 14 00 00 | I10: =VLOOKUP(G10,'insumos terrapl'!$C$3:$K$47,3,0) -> 2Q | J10: =VLOOKUP(G10,'insumos terrapl'!$C$3:$K$47,4,0) -> 62 | K10: =VLOOKUP(G10,'insumos terrapl'!$C$3:$K$47,5,0) -> 30 | L10: =VLOOKUP(G10,'insumos terrapl'!$C$3:$K$47,6,0) -> 02 | M10: =VLOOKUP(G10,'insumos terrapl'!$C$3:$K$47,7,0) -> 14 | N10: =VLOOKUP(G10,'insumos terrapl'!$C$3:$K$47,8,0) -> 00 | O10: =VLOOKUP(G10,'insumos terrapl'!$C$3:$K$47,9,0) -> 00
F11: P9824 | G11: Servente | H11: =VLOOKUP(G11,'insumos terrapl'!$C$3:$K$47,2,0) -> 2N 20 14 08 00 00 00 | I11: =VLOOKUP(G11,'insumos terrapl'!$C$3:$K$47,3,0) -> 2N | J11: =VLOOKUP(G11,'insumos terrapl'!$C$3:$K$47,4,0) -> 20 | K11: =VLOOKUP(G11,'insumos terrapl'!$C$3:$K$47,5,0) -> 14 | L11: =VLOOKUP(G11,'insumos terrapl'!$C$3:$K$47,6,0) -> 08 | M11: =VLOOKUP(G11,'insumos terrapl'!$C$3:$K$47,7,0) -> 00 | N11: =VLOOKUP(G11,'insumos terrapl'!$C$3:$K$47,8,0) -> 00 | O11: =VLOOKUP(G11,'insumos terrapl'!$C$3:$K$47,9,0) -> 00
C13: 5501702 | D13: =A9 -> 2.1.2 | E13: Destocamento de árvores de diâmetro superior a 0, 30 m | F13: 5501702
F14: E9541 | G14: Trator sobre esteiras com lâmina - 259 kW | H14: =VLOOKUP(G14,'insumos terrapl'!$C$3:$K$47,2,0) -> 2Q 62 30 02 14 00 00 | I14: =VLOOKUP(G14,'insumos terrapl'!$C$3:$K$47,3,0) -> 2Q | J14: =VLOOKUP(G14,'insumos terrapl'!$C$3:$K$47,4,0) -> 62 | K14: =VLOOKUP(G14,'insumos terrapl'!$C$3:$K$47,5,0) -> 30 | L14: =VLOOKUP(G14,'insumos terrapl'!$C$3:$K$47,6,0) -> 02 | M14: =VLOOKUP(G14,'insumos terrapl'!$C$3:$K$47,7,0) -> 14 | N14: =VLOOKUP(G14,'insumos terrapl'!$C$3:$K$47,8,0) -> 00 | O14: =VLOOKUP(G14,'insumos terrapl'!$C$3:$K$47,9,0) -> 00
F15: P9824 | G15: Servente | H15: =VLOOKUP(G15,'insumos terrapl'!$C$3:$K$47,2,0) -> 2N 20 14 08 00 00 00 | I15: =VLOOKUP(G15,'insumos terrapl'!$C$3:$K$47,3,0) -> 2N | J15: =VLOOKUP(G15,'insumos terrapl'!$C$3:$K$47,4,0) -> 20 | K15: =VLOOKUP(G15,'insumos terrapl'!$C$3:$K$47,5,0) -> 14 | L15: =VLOOKUP(G15,'insumos terrapl'!$C$3:$K$47,6,0) -> 08 | M15: =VLOOKUP(G15,'insumos terrapl'!$C$3:$K$47,7,0) -> 00 | N15: =VLOOKUP(G15,'insumos terrapl'!$C$3:$K$47,8,0) -> 00 | O15: =VLOOKUP(G15,'insumos terrapl'!$C$3:$K$47,9,0) -> 00
A17: 2.1.3 | B17: Limpeza mecanizada da camada vegetal | C17: 5502985 | D17: =A17 -> 2.1.3 | E17: Limpeza mecanizada da camada vegetal
F18: E9540 | G18: Trator sobre esteiras com lâmina - 127 kW | H18: =VLOOKUP(G18,'insumos terrapl'!$C$3:$K$47,2,0) -> 2Q 62 30 02 14 00 00 | I18: =VLOOKUP(G18,'insumos terrapl'!$C$3:$K$47,3,0) -> 2Q | J18: =VLOOKUP(G18,'insumos terrapl'!$C$3:$K$47,4,0) -> 62 | K18: =VLOOKUP(G18,'insumos terrapl'!$C$3:$K$47,5,0) -> 30 | L18: =VLOOKUP(G18,'insumos terrapl'!$C$3:$K$47,6,0) -> 02 | M18: =VLOOKUP(G18,'insumos terrapl'!$C$3:$K$47,7,0) -> 14 | N18: =VLOOKUP(G18,'insumos terrapl'!$C$3:$K$47,8,0) -> 00 | O18: =VLOOKUP(G18,'insumos terrapl'!$C$3:$K$47,9,0) -> 00
F19: P9824 | G19: Servente | H19: =VLOOKUP(G19,'insumos terrapl'!$C$3:$K$47,2,0) -> 2N 20 14 08 00 00 00 | I19: =VLOOKUP(G19,'insumos terrapl'!$C$3:$K$47,3,0) -> 2N | J19: =VLOOKUP(G19,'insumos terrapl'!$C$3:$K$47,4,0) -> 20 | K19: =VLOOKUP(G19,'insumos terrapl'!$C$3:$K$47,5,0) -> 14 | L19: =VLOOKUP(G19,'insumos terrapl'!$C$3:$K$47,6,0) -> 08 | M19: =VLOOKUP(G19,'insumos terrapl'!$C$3:$K$47,7,0) -> 00 | N19: =VLOOKUP(G19,'insumos terrapl'!$C$3:$K$47,8,0) -> 00 | O19: =VLOOKUP(G19,'insumos terrapl'!$C$3:$K$47,9,0) -> 00
A20: 2.2.1 | B20: Expurgo de jazida | C20: 5502986 | D20: =A20 -> 2.2.1 | E20: Expurgo de jazida | F20: 5502986
F21: E9540 | G21: Trator sobre esteiras com lâmina - 127 kW | H21: =VLOOKUP(G21,'insumos terrapl'!$C$3:$K$47,2,0) -> 2Q 62 30 02 14 00 00 | I21: =VLOOKUP(G21,'insumos terrapl'!$C$3:$K$47,3,0) -> 2Q | J21: =VLOOKUP(G21,'insumos terrapl'!$C$3:$K$47,4,0) -> 62 | K21: =VLOOKUP(G21,'insumos terrapl'!$C$3:$K$47,5,0) -> 30 | L21: =VLOOKUP(G21,'insumos terrapl'!$C$3:$K$47,6,0) -> 02 | M21: =VLOOKUP(G21,'insumos terrapl'!$C$3:$K$47,7,0) -> 14 | N21: =VLOOKUP(G21,'insumos terrapl'!$C$3:$K$47,8,0) -> 00 | O21: =VLOOKUP(G21,'insumos terrapl'!$C$3:$K$47,9,0) -> 00
F22: P9824 | G22: Servente | H22: =VLOOKUP(G22,'insumos terrapl'!$C$3:$K$47,2,0) -> 2N 20 14 08 00 00 00 | I22: =VLOOKUP(G22,'insumos terrapl'!$C$3:$K$47,3,0) -> 2N | J22: =VLOOKUP(G22,'insumos terrapl'!$C$3:$K$47,4,0) -> 20 | K22: =VLOOKUP(G22,'insumos terrapl'!$C$3:$K$47,5,0) -> 14 | L22: =VLOOKUP(G22,'insumos terrapl'!$C$3:$K$47,6,0) -> 08 | M22: =VLOOKUP(G22,'insumos terrapl'!$C$3:$K$47,7,0) -> 00 | N22: =VLOOKUP(G22,'insumos terrapl'!$C$3:$K$47,8,0) -> 00 | O22: =VLOOKUP(G22,'insumos terrapl'!$C$3:$K$47,9,0) -> 00
A24: 2.3.1 | B24: Manutenção de caminhos de serviço | C24: 5503018 | D24: =A24 -> 2.3.1 | E24: Manutenção de caminhos de serviço | F24: 5503018
F25: E9524 | G25: Motoniveladora - 93 kW | H25: =VLOOKUP(G25,'insumos terrapl'!$C$3:$K$47,2,0) -> 2Q 62 30 06 02 00 00 | I25: =VLOOKUP(G25,'insumos terrapl'!$C$3:$K$47,3,0) -> 2Q | J25: =VLOOKUP(G25,'insumos terrapl'!$C$3:$K$47,4,0) -> 62 | K25: =VLOOKUP(G25,'insumos terrapl'!$C$3:$K$47,5,0) -> 30 | L25: =VLOOKUP(G25,'insumos terrapl'!$C$3:$K$47,6,0) -> 06 | M25: =VLOOKUP(G25,'insumos terrapl'!$C$3:$K$47,7,0) -> 02 | N25: =VLOOKUP(G25,'insumos terrapl'!$C$3:$K$47,8,0) -> 00 | O25: =VLOOKUP(G25,'insumos terrapl'!$C$3:$K$47,9,0) -> 00
A27: 2.3.2 | B27: Umedecimento de caminho de serviço | C27: 5503020 | D27: =A27 -> 2.3.2 | E27: Umedecimento de caminho de serviço | F27: 5503020
F28: E9571 | G28: Caminhão tanque com capacidade de 10.000 l - 188 kW | H28: =VLOOKUP(G28,'insumos terrapl'!$C$3:$K$47,2,0) -> 2Q 66 06 26 00 00 00 | I28: =VLOOKUP(G28,'insumos terrapl'!$C$3:$K$47,3,0) -> 2Q | J28: =VLOOKUP(G28,'insumos terrapl'!$C$3:$K$47,4,0) -> 66 | K28: =VLOOKUP(G28,'insumos terrapl'!$C$3:$K$47,5,0) -> 06 | L28: =VLOOKUP(G28,'insumos terrapl'!$C$3:$K$47,6,0) -> 26 | M28: =VLOOKUP(G28,'insumos terrapl'!$C$3:$K$47,7,0) -> 00 | N28: =VLOOKUP(G28,'insumos terrapl'!$C$3:$K$47,8,0) -> 00 | O28: =VLOOKUP(G28,'insumos terrapl'!$C$3:$K$47,9,0) -> 00
A30: 2.4.1 | B30: Escavação mecânica com retroescavadeira em material de 1ª categoria | C30: 5501706 | D30: =A30 -> 2.4.1 | E30: Escavação mecânica com retroescavadeira em material de 1ª categoria | F30: 5501706
F31: E9526 | G31: Retroescavadeira de pneus - capacidade da caçamba da pá-carregadeira de 0,76 m³ e da retroescavadeira de 0,29 m³ - 58 kW | H31: =VLOOKUP(G31,'insumos terrapl'!$C$3:$K$47,2,0) -> 2Q 62 06 02 00 00 00 | I31: =VLOOKUP(G31,'insumos terrapl'!$C$3:$K$47,3,0) -> 2Q | J31: =VLOOKUP(G31,'insumos terrapl'!$C$3:$K$47,4,0) -> 62 | K31: =VLOOKUP(G31,'insumos terrapl'!$C$3:$K$47,5,0) -> 06 | L31: =VLOOKUP(G31,'insumos terrapl'!$C$3:$K$47,6,0) -> 02 | M31: =VLOOKUP(G31,'insumos terrapl'!$C$3:$K$47,7,0) -> 00 | N31: =VLOOKUP(G31,'insumos terrapl'!$C$3:$K$47,8,0) -> 00 | O31: =VLOOKUP(G31,'insumos terrapl'!$C$3:$K$47,9,0) -> 00
F32: P9824 | G32: Servente | H32: =VLOOKUP(G32,'insumos terrapl'!$C$3:$K$47,2,0) -> 2N 20 14 08 00 00 00 | I32: =VLOOKUP(G32,'insumos terrapl'!$C$3:$K$47,3,0) -> 2N | J32: =VLOOKUP(G32,'insumos terrapl'!$C$3:$K$47,4,0) -> 20 | K32: =VLOOKUP(G32,'insumos terrapl'!$C$3:$K$47,5,0) -> 14 | L32: =VLOOKUP(G32,'insumos terrapl'!$C$3:$K$47,6,0) -> 08 | M32: =VLOOKUP(G32,'insumos terrapl'!$C$3:$K$47,7,0) -> 00 | N32: =VLOOKUP(G32,'insumos terrapl'!$C$3:$K$47,8,0) -> 00 | O32: =VLOOKUP(G32,'insumos terrapl'!$C$3:$K$47,9,0) -> 00
A34: 2.5.1 | B34: Escavação de vala em material de 3ª categoria - com escavadeira e rompedor hidráulico | C34: 5502972 | D34: =A34 -> 2.5.1 | E34: Escavação de vala em material de 3ª categoria - resistência à compressão acima de 110 MPa - com escavadeira e rompedor hidráulico 1.700 kg | F34: 5502972
F35: E9775 | G35: Escavadeira hidráulica com martelo hidráulico de 1.700 kg - 103 kW | H35: =VLOOKUP(G35,'insumos terrapl'!$C$3:$K$47,2,0) -> 2Q 62 02 22 00 00 00 | I35: =VLOOKUP(G35,'insumos terrapl'!$C$3:$K$47,3,0) -> 2Q | J35: =VLOOKUP(G35,'insumos terrapl'!$C$3:$K$47,4,0) -> 62 | K35: =VLOOKUP(G35,'insumos terrapl'!$C$3:$K$47,5,0) -> 02 | L35: =VLOOKUP(G35,'insumos terrapl'!$C$3:$K$47,6,0) -> 22 | M35: =VLOOKUP(G35,'insumos terrapl'!$C$3:$K$47,7,0) -> 00 | N35: =VLOOKUP(G35,'insumos terrapl'!$C$3:$K$47,8,0) -> 00 | O35: =VLOOKUP(G35,'insumos terrapl'!$C$3:$K$47,9,0) -> 00
F36: M0602 | G36: Ponteiro para rompedor hidráulico de 1.700 kg | H36: =VLOOKUP(G36,'insumos terrapl'!$C$3:$K$47,2,0) -> 2Q 62 50 10 00 00 00 | I36: =VLOOKUP(G36,'insumos terrapl'!$C$3:$K$47,3,0) -> 2Q | J36: =VLOOKUP(G36,'insumos terrapl'!$C$3:$K$47,4,0) -> 62 | K36: =VLOOKUP(G36,'insumos terrapl'!$C$3:$K$47,5,0) -> 50 | L36: =VLOOKUP(G36,'insumos terrapl'!$C$3:$K$47,6,0) -> 10 | M36: =VLOOKUP(G36,'insumos terrapl'!$C$3:$K$47,7,0) -> 00 | N36: =VLOOKUP(G36,'insumos terrapl'!$C$3:$K$47,8,0) -> 00 | O36: =VLOOKUP(G36,'insumos terrapl'!$C$3:$K$47,9,0) -> 00
F37: M0602 | G37: Ponteiro para rompedor hidráulico de 1.700 kg - Caminhão carroceria 15 t | H37: =VLOOKUP(G37,'insumos terrapl'!$C$3:$K$47,2,0) -> 2Q 66 06 02 00 00 00 | I37: =VLOOKUP(G37,'insumos terrapl'!$C$3:$K$47,3,0) -> 2Q | J37: =VLOOKUP(G37,'insumos terrapl'!$C$3:$K$47,4,0) -> 66 | K37: =VLOOKUP(G37,'insumos terrapl'!$C$3:$K$47,5,0) -> 06 | L37: =VLOOKUP(G37,'insumos terrapl'!$C$3:$K$47,6,0) -> 02 | M37: =VLOOKUP(G37,'insumos terrapl'!$C$3:$K$47,7,0) -> 00 | N37: =VLOOKUP(G37,'insumos terrapl'!$C$3:$K$47,8,0) -> 00 | O37: =VLOOKUP(G37,'insumos terrapl'!$C$3:$K$47,9,0) -> 00
C39: 5502968 | D39: =A34 -> 2.5.1 | E39: Escavação de vala em material de 3ª categoria - resistência à compressão até 50 MPa - com escavadeira e rompedor hidráulico 1.700 kg | F39: 5502968
F40: E9775 | G40: Escavadeira hidráulica com martelo hidráulico de 1.700 kg - 103 kW | H40: =VLOOKUP(G40,'insumos terrapl'!$C$3:$K$47,2,0) -> 2Q 62 02 22 00 00 00 | I40: =VLOOKUP(G40,'insumos terrapl'!$C$3:$K$47,3,0) -> 2Q | J40: =VLOOKUP(G40,'insumos terrapl'!$C$3:$K$47,4,0) -> 62 | K40: =VLOOKUP(G40,'insumos terrapl'!$C$3:$K$47,5,0) -> 02 | L40: =VLOOKUP(G40,'insumos terrapl'!$C$3:$K$47,6,0) -> 22 | M40: =VLOOKUP(G40,'insumos terrapl'!$C$3:$K$47,7,0) -> 00 | N40: =VLOOKUP(G40,'insumos terrapl'!$C$3:$K$47,8,0) -> 00 | O40: =VLOOKUP(G40,'insumos terrapl'!$C$3:$K$47,9,0) -> 00
F41: M0602 | G41: Ponteiro para rompedor hidráulico de 1.700 kg | H41: =VLOOKUP(G41,'insumos terrapl'!$C$3:$K$47,2,0) -> 2Q 62 50 10 00 00 00 | I41: =VLOOKUP(G41,'insumos terrapl'!$C$3:$K$47,3,0) -> 2Q | J41: =VLOOKUP(G41,'insumos terrapl'!$C$3:$K$47,4,0) -> 62 | K41: =VLOOKUP(G41,'insumos terrapl'!$C$3:$K$47,5,0) -> 50 | L41: =VLOOKUP(G41,'insumos terrapl'!$C$3:$K$47,6,0) -> 10 | M41: =VLOOKUP(G41,'insumos terrapl'!$C$3:$K$47,7,0) -> 00 | N41: =VLOOKUP(G41,'insumos terrapl'!$C$3:$K$47,8,0) -> 00 | O41: =VLOOKUP(G41,'insumos terrapl'!$C$3:$K$47,9,0) -> 00
F42: M0602 | G42: Ponteiro para rompedor hidráulico de 1.700 kg - Caminhão carroceria 15 t | H42: =VLOOKUP(G42,'insumos terrapl'!$C$3:$K$47,2,0) -> 2Q 66 06 02 00 00 00 | I42: =VLOOKUP(G42,'insumos terrapl'!$C$3:$K$47,3,0) -> 2Q | J42: =VLOOKUP(G42,'insumos terrapl'!$C$3:$K$47,4,0) -> 66 | K42: =VLOOKUP(G42,'insumos terrapl'!$C$3:$K$47,5,0) -> 06 | L42: =VLOOKUP(G42,'insumos terrapl'!$C$3:$K$47,6,0) -> 02 | M42: =VLOOKUP(G42,'insumos terrapl'!$C$3:$K$47,7,0) -> 00 | N42: =VLOOKUP(G42,'insumos terrapl'!$C$3:$K$47,8,0) -> 00 | O42: =VLOOKUP(G42,'insumos terrapl'!$C$3:$K$47,9,0) -> 00
C44: 5502969 | D44: =A34 -> 2.5.1 | E44: Escavação de vala em material de 3ª categoria - resistência à compressão de 50 a 70 MPa - com escavadeira e rompedor hidráulico 1.700 kg | F44: 5502969
F45: E9775 | G45: Escavadeira hidráulica com martelo hidráulico de 1.700 kg - 103 kW | H45: =VLOOKUP(G45,'insumos terrapl'!$C$3:$K$47,2,0) -> 2Q 62 02 22 00 00 00 | I45: =VLOOKUP(G45,'insumos terrapl'!$C$3:$K$47,3,0) -> 2Q | J45: =VLOOKUP(G45,'insumos terrapl'!$C$3:$K$47,4,0) -> 62 | K45: =VLOOKUP(G45,'insumos terrapl'!$C$3:$K$47,5,0) -> 02 | L45: =VLOOKUP(G45,'insumos terrapl'!$C$3:$K$47,6,0) -> 22 | M45: =VLOOKUP(G45,'insumos terrapl'!$C$3:$K$47,7,0) -> 00 | N45: =VLOOKUP(G45,'insumos terrapl'!$C$3:$K$47,8,0) -> 00 | O45: =VLOOKUP(G45,'insumos terrapl'!$C$3:$K$47,9,0) -> 00
F46: M0602 | G46: Ponteiro para rompedor hidráulico de 1.700 kg | H46: =VLOOKUP(G46,'insumos terrapl'!$C$3:$K$47,2,0) -> 2Q 62 50 10 00 00 00 | I46: =VLOOKUP(G46,'insumos terrapl'!$C$3:$K$47,3,0) -> 2Q | J46: =VLOOKUP(G46,'insumos terrapl'!$C$3:$K$47,4,0) -> 62 | K46: =VLOOKUP(G46,'insumos terrapl'!$C$3:$K$47,5,0) -> 50 | L46: =VLOOKUP(G46,'insumos terrapl'!$C$3:$K$47,6,0) -> 10 | M46: =VLOOKUP(G46,'insumos terrapl'!$C$3:$K$47,7,0) -> 00 | N46: =VLOOKUP(G46,'insumos terrapl'!$C$3:$K$47,8,0) -> 00 | O46: =VLOOKUP(G46,'insumos terrapl'!$C$3:$K$47,9,0) -> 00
F47: M0602 | G47: Ponteiro para rompedor hidráulico de 1.700 kg - Caminhão carroceria 15 t | H47: =VLOOKUP(G47,'insumos terrapl'!$C$3:$K$47,2,0) -> 2Q 66 06 02 00 00 00 | I47: =VLOOKUP(G47,'insumos terrapl'!$C$3:$K$47,3,0) -> 2Q | J47: =VLOOKUP(G47,'insumos terrapl'!$C$3:$K$47,4,0) -> 66 | K47: =VLOOKUP(G47,'insumos terrapl'!$C$3:$K$47,5,0) -> 06 | L47: =VLOOKUP(G47,'insumos terrapl'!$C$3:$K$47,6,0) -> 02 | M47: =VLOOKUP(G47,'insumos terrapl'!$C$3:$K$47,7,0) -> 00 | N47: =VLOOKUP(G47,'insumos terrapl'!$C$3:$K$47,8,0) -> 00 | O47: =VLOOKUP(G47,'insumos terrapl'!$C$3:$K$47,9,0) -> 00
C49: 5502970 | D49: =A34 -> 2.5.1 | E49: Escavação de vala em material de 3ª categoria - resistência à compressão de 70 a 90 MPa - com escavadeira e rompedor hidráulico 1.700 kg | F49: 5502970
F50: E9775 | G50: Escavadeira hidráulica com martelo hidráulico de 1.700 kg - 103 kW | H50: =VLOOKUP(G50,'insumos terrapl'!$C$3:$K$47,2,0) -> 2Q 62 02 22 00 00 00 | I50: =VLOOKUP(G50,'insumos terrapl'!$C$3:$K$47,3,0) -> 2Q | J50: =VLOOKUP(G50,'insumos terrapl'!$C$3:$K$47,4,0) -> 62 | K50: =VLOOKUP(G50,'insumos terrapl'!$C$3:$K$47,5,0) -> 02 | L50: =VLOOKUP(G50,'insumos terrapl'!$C$3:$K$47,6,0) -> 22 | M50: =VLOOKUP(G50,'insumos terrapl'!$C$3:$K$47,7,0) -> 00 | N50: =VLOOKUP(G50,'insumos terrapl'!$C$3:$K$47,8,0) -> 00 | O50: =VLOOKUP(G50,'insumos terrapl'!$C$3:$K$47,9,0) -> 00
F51: M0602 | G51: Ponteiro para rompedor hidráulico de 1.700 kg | H51: =VLOOKUP(G51,'insumos terrapl'!$C$3:$K$47,2,0) -> 2Q 62 50 10 00 00 00 | I51: =VLOOKUP(G51,'insumos terrapl'!$C$3:$K$47,3,0) -> 2Q | J51: =VLOOKUP(G51,'insumos terrapl'!$C$3:$K$47,4,0) -> 62 | K51: =VLOOKUP(G51,'insumos terrapl'!$C$3:$K$47,5,0) -> 50 | L51: =VLOOKUP(G51,'insumos terrapl'!$C$3:$K$47,6,0) -> 10 | M51: =VLOOKUP(G51,'insumos terrapl'!$C$3:$K$47,7,0) -> 00 | N51: =VLOOKUP(G51,'insumos terrapl'!$C$3:$K$47,8,0) -> 00 | O51: =VLOOKUP(G51,'insumos terrapl'!$C$3:$K$47,9,0) -> 00
F52: M0602 | G52: Ponteiro para rompedor hidráulico de 1.700 kg - Caminhão carroceria 15 t | H52: =VLOOKUP(G52,'insumos terrapl'!$C$3:$K$47,2,0) -> 2Q 66 06 02 00 00 00 | I52: =VLOOKUP(G52,'insumos terrapl'!$C$3:$K$47,3,0) -> 2Q | J52: =VLOOKUP(G52,'insumos terrapl'!$C$3:$K$47,4,0) -> 66 | K52: =VLOOKUP(G52,'insumos terrapl'!$C$3:$K$47,5,0) -> 06 | L52: =VLOOKUP(G52,'insumos terrapl'!$C$3:$K$47,6,0) -> 02 | M52: =VLOOKUP(G52,'insumos terrapl'!$C$3:$K$47,7,0) -> 00 | N52: =VLOOKUP(G52,'insumos terrapl'!$C$3:$K$47,8,0) -> 00 | O52: =VLOOKUP(G52,'insumos terrapl'!$C$3:$K$47,9,0) -> 00
C54: 5502971 | D54: =A34 -> 2.5.1 | E54: Escavação de vala em material de 3ª categoria - resistência à compressão de 90 a 110 MPa - com escavadeira e rompedor hidráulico 1.700 kg | F54: 5502971
F55: E9775 | G55: Escavadeira hidráulica com martelo hidráulico de 1.700 kg - 103 kW | H55: =VLOOKUP(G55,'insumos terrapl'!$C$3:$K$47,2,0) -> 2Q 62 02 22 00 00 00 | I55: =VLOOKUP(G55,'insumos terrapl'!$C$3:$K$47,3,0) -> 2Q | J55: =VLOOKUP(G55,'insumos terrapl'!$C$3:$K$47,4,0) -> 62 | K55: =VLOOKUP(G55,'insumos terrapl'!$C$3:$K$47,5,0) -> 02 | L55: =VLOOKUP(G55,'insumos terrapl'!$C$3:$K$47,6,0) -> 22 | M55: =VLOOKUP(G55,'insumos terrapl'!$C$3:$K$47,7,0) -> 00 | N55: =VLOOKUP(G55,'insumos terrapl'!$C$3:$K$47,8,0) -> 00 | O55: =VLOOKUP(G55,'insumos terrapl'!$C$3:$K$47,9,0) -> 00
F56: M0602 | G56: Ponteiro para rompedor hidráulico de 1.700 kg | H56: =VLOOKUP(G56,'insumos terrapl'!$C$3:$K$47,2,0) -> 2Q 62 50 10 00 00 00 | I56: =VLOOKUP(G56,'insumos terrapl'!$C$3:$K$47,3,0) -> 2Q | J56: =VLOOKUP(G56,'insumos terrapl'!$C$3:$K$47,4,0) -> 62 | K56: =VLOOKUP(G56,'insumos terrapl'!$C$3:$K$47,5,0) -> 50 | L56: =VLOOKUP(G56,'insumos terrapl'!$C$3:$K$47,6,0) -> 10 | M56: =VLOOKUP(G56,'insumos terrapl'!$C$3:$K$47,7,0) -> 00 | N56: =VLOOKUP(G56,'insumos terrapl'!$C$3:$K$47,8,0) -> 00 | O56: =VLOOKUP(G56,'insumos terrapl'!$C$3:$K$47,9,0) -> 00
F57: M0602 | G57: Ponteiro para rompedor hidráulico de 1.700 kg - Caminhão carroceria 15 t | H57: =VLOOKUP(G57,'insumos terrapl'!$C$3:$K$47,2,0) -> 2Q 66 06 02 00 00 00 | I57: =VLOOKUP(G57,'insumos terrapl'!$C$3:$K$47,3,0) -> 2Q | J57: =VLOOKUP(G57,'insumos terrapl'!$C$3:$K$47,4,0) -> 66 | K57: =VLOOKUP(G57,'insumos terrapl'!$C$3:$K$47,5,0) -> 06 | L57: =VLOOKUP(G57,'insumos terrapl'!$C$3:$K$47,6,0) -> 02 | M57: =VLOOKUP(G57,'insumos terrapl'!$C$3:$K$47,7,0) -> 00 | N57: =VLOOKUP(G57,'insumos terrapl'!$C$3:$K$47,8,0) -> 00 | O57: =VLOOKUP(G57,'insumos terrapl'!$C$3:$K$47,9,0) -> 00
A59: 2.5.2 | B59: Escavação em material de 3ª categoria - com escavadeira e rompedor hidráulico | C59: 5502967 | D59: =A59 -> 2.5.2 | E59: Escavação em material de 3ª categoria - resistência à compressão acima de 110 MPa - com escavadeira e rompedor hidráulico 1.700 kg | F59: 5502967
F60: E9775 | G60: Escavadeira hidráulica com martelo hidráulico de 1.700 kg - 103 kW | H60: =VLOOKUP(G60,'insumos terrapl'!$C$3:$K$47,2,0) -> 2Q 62 02 22 00 00 00 | I60: =VLOOKUP(G60,'insumos terrapl'!$C$3:$K$47,3,0) -> 2Q | J60: =VLOOKUP(G60,'insumos terrapl'!$C$3:$K$47,4,0) -> 62 | K60: =VLOOKUP(G60,'insumos terrapl'!$C$3:$K$47,5,0) -> 02 | L60: =VLOOKUP(G60,'insumos terrapl'!$C$3:$K$47,6,0) -> 22 | M60: =VLOOKUP(G60,'insumos terrapl'!$C$3:$K$47,7,0) -> 00 | N60: =VLOOKUP(G60,'insumos terrapl'!$C$3:$K$47,8,0) -> 00 | O60: =VLOOKUP(G60,'insumos terrapl'!$C$3:$K$47,9,0) -> 00
F61: M0602 | G61: Ponteiro para rompedor hidráulico de 1.700 kg | H61: =VLOOKUP(G61,'insumos terrapl'!$C$3:$K$47,2,0) -> 2Q 62 50 10 00 00 00 | I61: =VLOOKUP(G61,'insumos terrapl'!$C$3:$K$47,3,0) -> 2Q | J61: =VLOOKUP(G61,'insumos terrapl'!$C$3:$K$47,4,0) -> 62 | K61: =VLOOKUP(G61,'insumos terrapl'!$C$3:$K$47,5,0) -> 50 | L61: =VLOOKUP(G61,'insumos terrapl'!$C$3:$K$47,6,0) -> 10 | M61: =VLOOKUP(G61,'insumos terrapl'!$C$3:$K$47,7,0) -> 00 | N61: =VLOOKUP(G61,'insumos terrapl'!$C$3:$K$47,8,0) -> 00 | O61: =VLOOKUP(G61,'insumos terrapl'!$C$3:$K$47,9,0) -> 00
F62: M0602 | G62: Ponteiro para rompedor hidráulico de 1.700 kg - Caminhão carroceria 15 t | H62: =VLOOKUP(G62,'insumos terrapl'!$C$3:$K$47,2,0) -> 2Q 66 06 02 00 00 00 | I62: =VLOOKUP(G62,'insumos terrapl'!$C$3:$K$47,3,0) -> 2Q | J62: =VLOOKUP(G62,'insumos terrapl'!$C$3:$K$47,4,0) -> 66 | K62: =VLOOKUP(G62,'insumos terrapl'!$C$3:$K$47,5,0) -> 06 | L62: =VLOOKUP(G62,'insumos terrapl'!$C$3:$K$47,6,0) -> 02 | M62: =VLOOKUP(G62,'insumos terrapl'!$C$3:$K$47,7,0) -> 00 | N62: =VLOOKUP(G62,'insumos terrapl'!$C$3:$K$47,8,0) -> 00 | O62: =VLOOKUP(G62,'insumos terrapl'!$C$3:$K$47,9,0) -> 00
C64: 5502963 | D64: =A59 -> 2.5.2 | E64: Escavação em material de 3ª categoria - resistência à compressão até 50 MPa - com escavadeira e rompedor hidráulico 1.700 kg | F64: 5502963
F65: E9775 | G65: Escavadeira hidráulica com martelo hidráulico de 1.700 kg - 103 kW | H65: =VLOOKUP(G65,'insumos terrapl'!$C$3:$K$47,2,0) -> 2Q 62 02 22 00 00 00 | I65: =VLOOKUP(G65,'insumos terrapl'!$C$3:$K$47,3,0) -> 2Q | J65: =VLOOKUP(G65,'insumos terrapl'!$C$3:$K$47,4,0) -> 62 | K65: =VLOOKUP(G65,'insumos terrapl'!$C$3:$K$47,5,0) -> 02 | L65: =VLOOKUP(G65,'insumos terrapl'!$C$3:$K$47,6,0) -> 22 | M65: =VLOOKUP(G65,'insumos terrapl'!$C$3:$K$47,7,0) -> 00 | N65: =VLOOKUP(G65,'insumos terrapl'!$C$3:$K$47,8,0) -> 00 | O65: =VLOOKUP(G65,'insumos terrapl'!$C$3:$K$47,9,0) -> 00
F66: M0602 | G66: Ponteiro para rompedor hidráulico de 1.700 kg | H66: =VLOOKUP(G66,'insumos terrapl'!$C$3:$K$47,2,0) -> 2Q 62 50 10 00 00 00 | I66: =VLOOKUP(G66,'insumos terrapl'!$C$3:$K$47,3,0) -> 2Q | J66: =VLOOKUP(G66,'insumos terrapl'!$C$3:$K$47,4,0) -> 62 | K66: =VLOOKUP(G66,'insumos terrapl'!$C$3:$K$47,5,0) -> 50 | L66: =VLOOKUP(G66,'insumos terrapl'!$C$3:$K$47,6,0) -> 10 | M66: =VLOOKUP(G66,'insumos terrapl'!$C$3:$K$47,7,0) -> 00 | N66: =VLOOKUP(G66,'insumos terrapl'!$C$3:$K$47,8,0) -> 00 | O66: =VLOOKUP(G66,'insumos terrapl'!$C$3:$K$47,9,0) -> 00
F67: M0602 | G67: Ponteiro para rompedor hidráulico de 1.700 kg - Caminhão carroceria 15 t | H67: =VLOOKUP(G67,'insumos terrapl'!$C$3:$K$47,2,0) -> 2Q 66 06 02 00 00 00 | I67: =VLOOKUP(G67,'insumos terrapl'!$C$3:$K$47,3,0) -> 2Q | J67: =VLOOKUP(G67,'insumos terrapl'!$C$3:$K$47,4,0) -> 66 | K67: =VLOOKUP(G67,'insumos terrapl'!$C$3:$K$47,5,0) -> 06 | L67: =VLOOKUP(G67,'insumos terrapl'!$C$3:$K$47,6,0) -> 02 | M67: =VLOOKUP(G67,'insumos terrapl'!$C$3:$K$47,7,0) -> 00 | N67: =VLOOKUP(G67,'insumos terrapl'!$C$3:$K$47,8,0) -> 00 | O67: =VLOOKUP(G67,'insumos terrapl'!$C$3:$K$47,9,0) -> 00
C69: 5502964 | D69: =A59 -> 2.5.2 | E69: Escavação em material de 3ª categoria - resistência à compressão de 50 a 70 MPa - com escavadeira e rompedor hidráulico 1.700 kg | F69: 5502964
F70: E9775 | G70: Escavadeira hidráulica com martelo hidráulico de 1.700 kg - 103 kW | H70: =VLOOKUP(G70,'insumos terrapl'!$C$3:$K$47,2,0) -> 2Q 62 02 22 00 00 00 | I70: =VLOOKUP(G70,'insumos terrapl'!$C$3:$K$47,3,0) -> 2Q | J70: =VLOOKUP(G70,'insumos terrapl'!$C$3:$K$47,4,0) -> 62 | K70: =VLOOKUP(G70,'insumos terrapl'!$C$3:$K$47,5,0) -> 02 | L70: =VLOOKUP(G70,'insumos terrapl'!$C$3:$K$47,6,0) -> 22 | M70: =VLOOKUP(G70,'insumos terrapl'!$C$3:$K$47,7,0) -> 00 | N70: =VLOOKUP(G70,'insumos terrapl'!$C$3:$K$47,8,0) -> 00 | O70: =VLOOKUP(G70,'insumos terrapl'!$C$3:$K$47,9,0) -> 00
F71: M0602 | G71: Ponteiro para rompedor hidráulico de 1.700 kg | H71: =VLOOKUP(G71,'insumos terrapl'!$C$3:$K$47,2,0) -> 2Q 62 50 10 00 00 00 | I71: =VLOOKUP(G71,'insumos terrapl'!$C$3:$K$47,3,0) -> 2Q | J71: =VLOOKUP(G71,'insumos terrapl'!$C$3:$K$47,4,0) -> 62 | K71: =VLOOKUP(G71,'insumos terrapl'!$C$3:$K$47,5,0) -> 50 | L71: =VLOOKUP(G71,'insumos terrapl'!$C$3:$K$47,6,0) -> 10 | M71: =VLOOKUP(G71,'insumos terrapl'!$C$3:$K$47,7,0) -> 00 | N71: =VLOOKUP(G71,'insumos terrapl'!$C$3:$K$47,8,0) -> 00 | O71: =VLOOKUP(G71,'insumos terrapl'!$C$3:$K$47,9,0) -> 00
F72: M0602 | G72: Ponteiro para rompedor hidráulico de 1.700 kg - Caminhão carroceria 15 t | H72: =VLOOKUP(G72,'insumos terrapl'!$C$3:$K$47,2,0) -> 2Q 66 06 02 00 00 00 | I72: =VLOOKUP(G72,'insumos terrapl'!$C$3:$K$47,3,0) -> 2Q | J72: =VLOOKUP(G72,'insumos terrapl'!$C$3:$K$47,4,0) -> 66 | K72: =VLOOKUP(G72,'insumos terrapl'!$C$3:$K$47,5,0) -> 06 | L72: =VLOOKUP(G72,'insumos terrapl'!$C$3:$K$47,6,0) -> 02 | M72: =VLOOKUP(G72,'insumos terrapl'!$C$3:$K$47,7,0) -> 00 | N72: =VLOOKUP(G72,'insumos terrapl'!$C$3:$K$47,8,0) -> 00 | O72: =VLOOKUP(G72,'insumos terrapl'!$C$3:$K$47,9,0) -> 00
C74: 5502965 | D74: =A59 -> 2.5.2 | E74: Escavação em material de 3ª categoria - resistência à compressão de 70 a 90 MPa - com escavadeira e rompedor hidráulico 1.700 kg | F74: 5502965
F75: E9775 | G75: Escavadeira hidráulica com martelo hidráulico de 1.700 kg - 103 kW | H75: =VLOOKUP(G75,'insumos terrapl'!$C$3:$K$47,2,0) -> 2Q 62 02 22 00 00 00 | I75: =VLOOKUP(G75,'insumos terrapl'!$C$3:$K$47,3,0) -> 2Q | J75: =VLOOKUP(G75,'insumos terrapl'!$C$3:$K$47,4,0) -> 62 | K75: =VLOOKUP(G75,'insumos terrapl'!$C$3:$K$47,5,0) -> 02 | L75: =VLOOKUP(G75,'insumos terrapl'!$C$3:$K$47,6,0) -> 22 | M75: =VLOOKUP(G75,'insumos terrapl'!$C$3:$K$47,7,0) -> 00 | N75: =VLOOKUP(G75,'insumos terrapl'!$C$3:$K$47,8,0) -> 00 | O75: =VLOOKUP(G75,'insumos terrapl'!$C$3:$K$47,9,0) -> 00
F76: M0602 | G76: Ponteiro para rompedor hidráulico de 1.700 kg | H76: =VLOOKUP(G76,'insumos terrapl'!$C$3:$K$47,2,0) -> 2Q 62 50 10 00 00 00 | I76: =VLOOKUP(G76,'insumos terrapl'!$C$3:$K$47,3,0) -> 2Q | J76: =VLOOKUP(G76,'insumos terrapl'!$C$3:$K$47,4,0) -> 62 | K76: =VLOOKUP(G76,'insumos terrapl'!$C$3:$K$47,5,0) -> 50 | L76: =VLOOKUP(G76,'insumos terrapl'!$C$3:$K$47,6,0) -> 10 | M76: =VLOOKUP(G76,'insumos terrapl'!$C$3:$K$47,7,0) -> 00 | N76: =VLOOKUP(G76,'insumos terrapl'!$C$3:$K$47,8,0) -> 00 | O76: =VLOOKUP(G76,'insumos terrapl'!$C$3:$K$47,9,0) -> 00
F77: M0602 | G77: Ponteiro para rompedor hidráulico de 1.700 kg - Caminhão carroceria 15 t | H77: =VLOOKUP(G77,'insumos terrapl'!$C$3:$K$47,2,0) -> 2Q 66 06 02 00 00 00 | I77: =VLOOKUP(G77,'insumos terrapl'!$C$3:$K$47,3,0) -> 2Q | J77: =VLOOKUP(G77,'insumos terrapl'!$C$3:$K$47,4,0) -> 66 | K77: =VLOOKUP(G77,'insumos terrapl'!$C$3:$K$47,5,0) -> 06 | L77: =VLOOKUP(G77,'insumos terrapl'!$C$3:$K$47,6,0) -> 02 | M77: =VLOOKUP(G77,'insumos terrapl'!$C$3:$K$47,7,0) -> 00 | N77: =VLOOKUP(G77,'insumos terrapl'!$C$3:$K$47,8,0) -> 00 | O77: =VLOOKUP(G77,'insumos terrapl'!$C$3:$K$47,9,0) -> 00
C79: 5502966 | D79: =A59 -> 2.5.2 | E79: Escavação em material de 3ª categoria - resistência à compressão de 90 a 110 MPa - com escavadeira e rompedor hidráulico 1.700 kg | F79: 5502966
F80: E9775 | G80: Escavadeira hidráulica com martelo hidráulico de 1.700 kg - 103 kW | H80: =VLOOKUP(G80,'insumos terrapl'!$C$3:$K$47,2,0) -> 2Q 62 02 22 00 00 00 | I80: =VLOOKUP(G80,'insumos terrapl'!$C$3:$K$47,3,0) -> 2Q | J80: =VLOOKUP(G80,'insumos terrapl'!$C$3:$K$47,4,0) -> 62 | K80: =VLOOKUP(G80,'insumos terrapl'!$C$3:$K$47,5,0) -> 02 | L80: =VLOOKUP(G80,'insumos terrapl'!$C$3:$K$47,6,0) -> 22 | M80: =VLOOKUP(G80,'insumos terrapl'!$C$3:$K$47,7,0) -> 00 | N80: =VLOOKUP(G80,'insumos terrapl'!$C$3:$K$47,8,0) -> 00 | O80: =VLOOKUP(G80,'insumos terrapl'!$C$3:$K$47,9,0) -> 00
F81: M0602 | G81: Ponteiro para rompedor hidráulico de 1.700 kg | H81: =VLOOKUP(G81,'insumos terrapl'!$C$3:$K$47,2,0) -> 2Q 62 50 10 00 00 00 | I81: =VLOOKUP(G81,'insumos terrapl'!$C$3:$K$47,3,0) -> 2Q | J81: =VLOOKUP(G81,'insumos terrapl'!$C$3:$K$47,4,0) -> 62 | K81: =VLOOKUP(G81,'insumos terrapl'!$C$3:$K$47,5,0) -> 50 | L81: =VLOOKUP(G81,'insumos terrapl'!$C$3:$K$47,6,0) -> 10 | M81: =VLOOKUP(G81,'insumos terrapl'!$C$3:$K$47,7,0) -> 00 | N81: =VLOOKUP(G81,'insumos terrapl'!$C$3:$K$47,8,0) -> 00 | O81: =VLOOKUP(G81,'insumos terrapl'!$C$3:$K$47,9,0) -> 00
F82: M0602 | G82: Ponteiro para rompedor hidráulico de 1.700 kg - Caminhão carroceria 15 t | H82: =VLOOKUP(G82,'insumos terrapl'!$C$3:$K$47,2,0) -> 2Q 66 06 02 00 00 00 | I82: =VLOOKUP(G82,'insumos terrapl'!$C$3:$K$47,3,0) -> 2Q | J82: =VLOOKUP(G82,'insumos terrapl'!$C$3:$K$47,4,0) -> 66 | K82: =VLOOKUP(G82,'insumos terrapl'!$C$3:$K$47,5,0) -> 06 | L82: =VLOOKUP(G82,'insumos terrapl'!$C$3:$K$47,6,0) -> 02 | M82: =VLOOKUP(G82,'insumos terrapl'!$C$3:$K$47,7,0) -> 00 | N82: =VLOOKUP(G82,'insumos terrapl'!$C$3:$K$47,8,0) -> 00 | O82: =VLOOKUP(G82,'insumos terrapl'!$C$3:$K$47,9,0) -> 00
A84: 2.5.3 | B84: Fragmentação de blocos de rocha com escavadeira e rompedor hidráulico | C84: 5502977 | D84: =A84 -> 2.5.3 | E84: Fragmentação de blocos de rocha com escavadeira e rompedor hidráulico | F84: 5502977
F85: E9775 | G85: Escavadeira hidráulica com martelo hidráulico de 1.700 kg - 103 kW | H85: =VLOOKUP(G85,'insumos terrapl'!$C$3:$K$47,2,0) -> 2Q 62 02 22 00 00 00 | I85: =VLOOKUP(G85,'insumos terrapl'!$C$3:$K$47,3,0) -> 2Q | J85: =VLOOKUP(G85,'insumos terrapl'!$C$3:$K$47,4,0) -> 62 | K85: =VLOOKUP(G85,'insumos terrapl'!$C$3:$K$47,5,0) -> 02 | L85: =VLOOKUP(G85,'insumos terrapl'!$C$3:$K$47,6,0) -> 22 | M85: =VLOOKUP(G85,'insumos terrapl'!$C$3:$K$47,7,0) -> 00 | N85: =VLOOKUP(G85,'insumos terrapl'!$C$3:$K$47,8,0) -> 00 | O85: =VLOOKUP(G85,'insumos terrapl'!$C$3:$K$47,9,0) -> 00
F86: M0602 | G86: Ponteiro para rompedor hidráulico de 1.700 kg | H86: =VLOOKUP(G86,'insumos terrapl'!$C$3:$K$47,2,0) -> 2Q 62 50 10 00 00 00 | I86: =VLOOKUP(G86,'insumos terrapl'!$C$3:$K$47,3,0) -> 2Q | J86: =VLOOKUP(G86,'insumos terrapl'!$C$3:$K$47,4,0) -> 62 | K86: =VLOOKUP(G86,'insumos terrapl'!$C$3:$K$47,5,0) -> 50 | L86: =VLOOKUP(G86,'insumos terrapl'!$C$3:$K$47,6,0) -> 10 | M86: =VLOOKUP(G86,'insumos terrapl'!$C$3:$K$47,7,0) -> 00 | N86: =VLOOKUP(G86,'insumos terrapl'!$C$3:$K$47,8,0) -> 00 | O86: =VLOOKUP(G86,'insumos terrapl'!$C$3:$K$47,9,0) -> 00
F87: M0602 | G87: Ponteiro para rompedor hidráulico de 1.700 kg - Caminhão carroceria 15 t | H87: =VLOOKUP(G87,'insumos terrapl'!$C$3:$K$47,2,0) -> 2Q 66 06 02 00 00 00 | I87: =VLOOKUP(G87,'insumos terrapl'!$C$3:$K$47,3,0) -> 2Q | J87: =VLOOKUP(G87,'insumos terrapl'!$C$3:$K$47,4,0) -> 66 | K87: =VLOOKUP(G87,'insumos terrapl'!$C$3:$K$47,5,0) -> 06 | L87: =VLOOKUP(G87,'insumos terrapl'!$C$3:$K$47,6,0) -> 02 | M87: =VLOOKUP(G87,'insumos terrapl'!$C$3:$K$47,7,0) -> 00 | N87: =VLOOKUP(G87,'insumos terrapl'!$C$3:$K$47,8,0) -> 00 | O87: =VLOOKUP(G87,'insumos terrapl'!$C$3:$K$47,9,0) -> 00
A89: 2.5.4 | B89: Escavação em material de 3ª categoria - com perfuratriz sobre esteiras | C89: 5502993 | D89: =A89 -> 2.5.4 | E89: Escavação em material de 3ª categoria - com perfuratriz sobre esteiras | F89: 5502993
F90: E9646 | G90: Compressor de ar portátil de 58,52 l/s (124 PCM) - 27 kW | H90: =VLOOKUP(G90,'insumos terrapl'!$C$3:$K$47,2,0) -> 2Q 42 06 18 02 02 00 | I90: =VLOOKUP(G90,'insumos terrapl'!$C$3:$K$47,3,0) -> 2Q | J90: =VLOOKUP(G90,'insumos terrapl'!$C$3:$K$47,4,0) -> 42 | K90: =VLOOKUP(G90,'insumos terrapl'!$C$3:$K$47,5,0) -> 06 | L90: =VLOOKUP(G90,'insumos terrapl'!$C$3:$K$47,6,0) -> 18 | M90: =VLOOKUP(G90,'insumos terrapl'!$C$3:$K$47,7,0) -> 02 | N90: =VLOOKUP(G90,'insumos terrapl'!$C$3:$K$47,8,0) -> 02 | O90: =VLOOKUP(G90,'insumos terrapl'!$C$3:$K$47,9,0) -> 00
F91: E9527 | G91: Martelete perfurador/rompedor a ar comprimido de 25 kg para rocha com capacidade de 2.040 gpm | H91: =VLOOKUP(G91,'insumos terrapl'!$C$3:$K$47,2,0) -> 2Q 42 06 02 14 02 00 | I91: =VLOOKUP(G91,'insumos terrapl'!$C$3:$K$47,3,0) -> 2Q | J91: =VLOOKUP(G91,'insumos terrapl'!$C$3:$K$47,4,0) -> 42 | K91: =VLOOKUP(G91,'insumos terrapl'!$C$3:$K$47,5,0) -> 06 | L91: =VLOOKUP(G91,'insumos terrapl'!$C$3:$K$47,6,0) -> 02 | M91: =VLOOKUP(G91,'insumos terrapl'!$C$3:$K$47,7,0) -> 14 | N91: =VLOOKUP(G91,'insumos terrapl'!$C$3:$K$47,8,0) -> 02 | O91: =VLOOKUP(G91,'insumos terrapl'!$C$3:$K$47,9,0) -> 00
F92: E9574 | G92: Perfuratriz sobre esteiras - 145 kW | H92: =VLOOKUP(G92,'insumos terrapl'!$C$3:$K$47,2,0) -> 2Q 58 10 10 02 06 00 | I92: =VLOOKUP(G92,'insumos terrapl'!$C$3:$K$47,3,0) -> 2Q | J92: =VLOOKUP(G92,'insumos terrapl'!$C$3:$K$47,4,0) -> 58 | K92: =VLOOKUP(G92,'insumos terrapl'!$C$3:$K$47,5,0) -> 10 | L92: =VLOOKUP(G92,'insumos terrapl'!$C$3:$K$47,6,0) -> 10 | M92: =VLOOKUP(G92,'insumos terrapl'!$C$3:$K$47,7,0) -> 02 | N92: =VLOOKUP(G92,'insumos terrapl'!$C$3:$K$47,8,0) -> 06 | O92: =VLOOKUP(G92,'insumos terrapl'!$C$3:$K$47,9,0) -> 00
F93: P9892 | G93: Auxiliar de blaster | H93: =VLOOKUP(G93,'insumos terrapl'!$C$3:$K$47,2,0) -> 2N 20 14 02 00 00 00 | I93: =VLOOKUP(G93,'insumos terrapl'!$C$3:$K$47,3,0) -> 2N | J93: =VLOOKUP(G93,'insumos terrapl'!$C$3:$K$47,4,0) -> 20 | K93: =VLOOKUP(G93,'insumos terrapl'!$C$3:$K$47,5,0) -> 14 | L93: =VLOOKUP(G93,'insumos terrapl'!$C$3:$K$47,6,0) -> 02 | M93: =VLOOKUP(G93,'insumos terrapl'!$C$3:$K$47,7,0) -> 00 | N93: =VLOOKUP(G93,'insumos terrapl'!$C$3:$K$47,8,0) -> 00 | O93: =VLOOKUP(G93,'insumos terrapl'!$C$3:$K$47,9,0) -> 00
F94: P9852 | G94: Blaster | H94: =VLOOKUP(G94,'insumos terrapl'!$C$3:$K$47,2,0) -> 2N 20 14 02 00 00 00 | I94: =VLOOKUP(G94,'insumos terrapl'!$C$3:$K$47,3,0) -> 2N | J94: =VLOOKUP(G94,'insumos terrapl'!$C$3:$K$47,4,0) -> 20 | K94: =VLOOKUP(G94,'insumos terrapl'!$C$3:$K$47,5,0) -> 14 | L94: =VLOOKUP(G94,'insumos terrapl'!$C$3:$K$47,6,0) -> 02 | M94: =VLOOKUP(G94,'insumos terrapl'!$C$3:$K$47,7,0) -> 00 | N94: =VLOOKUP(G94,'insumos terrapl'!$C$3:$K$47,8,0) -> 00 | O94: =VLOOKUP(G94,'insumos terrapl'!$C$3:$K$47,9,0) -> 00
F95: M2062 | G95: Coroa de botões esféricos linha T38 - D = 64 mm (2 1/2") | H95: =VLOOKUP(G95,'insumos terrapl'!$C$3:$K$47,2,0) -> 2N 58 06 00 00 00 00 | I95: =VLOOKUP(G95,'insumos terrapl'!$C$3:$K$47,3,0) -> 2N | J95: =VLOOKUP(G95,'insumos terrapl'!$C$3:$K$47,4,0) -> 58 | K95: =VLOOKUP(G95,'insumos terrapl'!$C$3:$K$47,5,0) -> 06 | L95: =VLOOKUP(G95,'insumos terrapl'!$C$3:$K$47,6,0) -> 00 | M95: =VLOOKUP(G95,'insumos terrapl'!$C$3:$K$47,7,0) -> 00 | N95: =VLOOKUP(G95,'insumos terrapl'!$C$3:$K$47,8,0) -> 00 | O95: =VLOOKUP(G95,'insumos terrapl'!$C$3:$K$47,9,0) -> 00
F96: M2042 | G96: Emulsão explosiva encartuchada | H96: =VLOOKUP(G96,'insumos terrapl'!$C$3:$K$47,2,0) -> 2Q 58 06 02 28 00 00 | I96: =VLOOKUP(G96,'insumos terrapl'!$C$3:$K$47,3,0) -> 2Q | J96: =VLOOKUP(G96,'insumos terrapl'!$C$3:$K$47,4,0) -> 58 | K96: =VLOOKUP(G96,'insumos terrapl'!$C$3:$K$47,5,0) -> 06 | L96: =VLOOKUP(G96,'insumos terrapl'!$C$3:$K$47,6,0) -> 02 | M96: =VLOOKUP(G96,'insumos terrapl'!$C$3:$K$47,7,0) -> 28 | N96: =VLOOKUP(G96,'insumos terrapl'!$C$3:$K$47,8,0) -> 00 | O96: =VLOOKUP(G96,'insumos terrapl'!$C$3:$K$47,9,0) -> 00
F97: M2065 | G97: Haste linha T38 para perfuratriz sobre esteiras - D = 38,0 mm (1 1/2") e C = 3,05 m | H97: =VLOOKUP(G97,'insumos terrapl'!$C$3:$K$47,2,0) -> 2N 58 06 00 00 00 00 | I97: =VLOOKUP(G97,'insumos terrapl'!$C$3:$K$47,3,0) -> 2N | J97: =VLOOKUP(G97,'insumos terrapl'!$C$3:$K$47,4,0) -> 58 | K97: =VLOOKUP(G97,'insumos terrapl'!$C$3:$K$47,5,0) -> 06 | L97: =VLOOKUP(G97,'insumos terrapl'!$C$3:$K$47,6,0) -> 00 | M97: =VLOOKUP(G97,'insumos terrapl'!$C$3:$K$47,7,0) -> 00 | N97: =VLOOKUP(G97,'insumos terrapl'!$C$3:$K$47,8,0) -> 00 | O97: =VLOOKUP(G97,'insumos terrapl'!$C$3:$K$47,9,0) -> 00
F98: M2066 | G98: Luva em aço linha T38 para perfuratriz sobre esteiras - D = 38,0 mm (1 1/2") | H98: =VLOOKUP(G98,'insumos terrapl'!$C$3:$K$47,2,0) -> 2N 58 06 00 00 00 00 | I98: =VLOOKUP(G98,'insumos terrapl'!$C$3:$K$47,3,0) -> 2N | J98: =VLOOKUP(G98,'insumos terrapl'!$C$3:$K$47,4,0) -> 58 | K98: =VLOOKUP(G98,'insumos terrapl'!$C$3:$K$47,5,0) -> 06 | L98: =VLOOKUP(G98,'insumos terrapl'!$C$3:$K$47,6,0) -> 00 | M98: =VLOOKUP(G98,'insumos terrapl'!$C$3:$K$47,7,0) -> 00 | N98: =VLOOKUP(G98,'insumos terrapl'!$C$3:$K$47,8,0) -> 00 | O98: =VLOOKUP(G98,'insumos terrapl'!$C$3:$K$47,9,0) -> 00
F99: M2144 | G99: Nonel de coluna - C = 6,0 m | H99: =VLOOKUP(G99,'insumos terrapl'!$C$3:$K$47,2,0) -> 2N 58 06 00 00 00 00 | I99: =VLOOKUP(G99,'insumos terrapl'!$C$3:$K$47,3,0) -> 2N | J99: =VLOOKUP(G99,'insumos terrapl'!$C$3:$K$47,4,0) -> 58 | K99: =VLOOKUP(G99,'insumos terrapl'!$C$3:$K$47,5,0) -> 06 | L99: =VLOOKUP(G99,'insumos terrapl'!$C$3:$K$47,6,0) -> 00 | M99: =VLOOKUP(G99,'insumos terrapl'!$C$3:$K$47,7,0) -> 00 | N99: =VLOOKUP(G99,'insumos terrapl'!$C$3:$K$47,8,0) -> 00 | O99: =VLOOKUP(G99,'insumos terrapl'!$C$3:$K$47,9,0) -> 00
F100: M2141 | G100: Nonel de iniciação para fogacho - C = 6,0 m
F101: M2143 | G101: Nonel de ligação - C = 6,0 m | H101: =VLOOKUP(G101,'insumos terrapl'!$C$3:$K$47,2,0) -> 2N 58 06 00 00 00 00 | I101: =VLOOKUP(G101,'insumos terrapl'!$C$3:$K$47,3,0) -> 2N | J101: =VLOOKUP(G101,'insumos terrapl'!$C$3:$K$47,4,0) -> 58 | K101: =VLOOKUP(G101,'insumos terrapl'!$C$3:$K$47,5,0) -> 06 | L101: =VLOOKUP(G101,'insumos terrapl'!$C$3:$K$47,6,0) -> 00 | M101: =VLOOKUP(G101,'insumos terrapl'!$C$3:$K$47,7,0) -> 00 | N101: =VLOOKUP(G101,'insumos terrapl'!$C$3:$K$47,8,0) -> 00 | O101: =VLOOKUP(G101,'insumos terrapl'!$C$3:$K$47,9,0) -> 00
F102: M2146 | G102: Nonel iniciador - C = 150,0 m | H102: =VLOOKUP(G102,'insumos terrapl'!$C$3:$K$47,2,0) -> 2N 58 06 00 00 00 00 | I102: =VLOOKUP(G102,'insumos terrapl'!$C$3:$K$47,3,0) -> 2N | J102: =VLOOKUP(G102,'insumos terrapl'!$C$3:$K$47,4,0) -> 58 | K102: =VLOOKUP(G102,'insumos terrapl'!$C$3:$K$47,5,0) -> 06 | L102: =VLOOKUP(G102,'insumos terrapl'!$C$3:$K$47,6,0) -> 00 | M102: =VLOOKUP(G102,'insumos terrapl'!$C$3:$K$47,7,0) -> 00 | N102: =VLOOKUP(G102,'insumos terrapl'!$C$3:$K$47,8,0) -> 00 | O102: =VLOOKUP(G102,'insumos terrapl'!$C$3:$K$47,9,0) -> 00
F103: M2067 | G103: Punho linha T38 para perfuratriz sobre esteiras - D = 38 mm (1 1/2") | H103: =VLOOKUP(G103,'insumos terrapl'!$C$3:$K$47,2,0) -> 2N 58 06 00 00 00 00 | I103: =VLOOKUP(G103,'insumos terrapl'!$C$3:$K$47,3,0) -> 2N | J103: =VLOOKUP(G103,'insumos terrapl'!$C$3:$K$47,4,0) -> 58 | K103: =VLOOKUP(G103,'insumos terrapl'!$C$3:$K$47,5,0) -> 06 | L103: =VLOOKUP(G103,'insumos terrapl'!$C$3:$K$47,6,0) -> 00 | M103: =VLOOKUP(G103,'insumos terrapl'!$C$3:$K$47,7,0) -> 00 | N103: =VLOOKUP(G103,'insumos terrapl'!$C$3:$K$47,8,0) -> 00 | O103: =VLOOKUP(G103,'insumos terrapl'!$C$3:$K$47,9,0) -> 00
F104: M2145 | G104: Série de brocas integrais S12 | H104: =VLOOKUP(G104,'insumos terrapl'!$C$3:$K$47,2,0) -> 2N 58 06 00 00 00 00 | I104: =VLOOKUP(G104,'insumos terrapl'!$C$3:$K$47,3,0) -> 2N | J104: =VLOOKUP(G104,'insumos terrapl'!$C$3:$K$47,4,0) -> 58 | K104: =VLOOKUP(G104,'insumos terrapl'!$C$3:$K$47,5,0) -> 06 | L104: =VLOOKUP(G104,'insumos terrapl'!$C$3:$K$47,6,0) -> 00 | M104: =VLOOKUP(G104,'insumos terrapl'!$C$3:$K$47,7,0) -> 00 | N104: =VLOOKUP(G104,'insumos terrapl'!$C$3:$K$47,8,0) -> 00 | O104: =VLOOKUP(G104,'insumos terrapl'!$C$3:$K$47,9,0) -> 00
A106: 2.5.5 | B106: Desmonte de material de 3ªcategoria a frio - com argamassa expansiva a céu aberto | C106: 5505766 | D106: =A106 -> 2.5.5 | E106: Desmonte de material de 3ªcategoria a frio - com argamassa expansiva a céu aberto | F106: 5505766
F107: E9671 | G107: Compressor de ar portátil de 363,87 l/s (771 PCM) - 158,13 kW | H107: =VLOOKUP(G107,'insumos terrapl'!$C$3:$K$47,2,0) -> 2Q 42 06 18 02 02 00 | I107: =VLOOKUP(G107,'insumos terrapl'!$C$3:$K$47,3,0) -> 2Q | J107: =VLOOKUP(G107,'insumos terrapl'!$C$3:$K$47,4,0) -> 42 | K107: =VLOOKUP(G107,'insumos terrapl'!$C$3:$K$47,5,0) -> 06 | L107: =VLOOKUP(G107,'insumos terrapl'!$C$3:$K$47,6,0) -> 18 | M107: =VLOOKUP(G107,'insumos terrapl'!$C$3:$K$47,7,0) -> 02 | N107: =VLOOKUP(G107,'insumos terrapl'!$C$3:$K$47,8,0) -> 02 | O107: =VLOOKUP(G107,'insumos terrapl'!$C$3:$K$47,9,0) -> 00
F108: E9527 | G108: Martelete perfurador/rompedor a ar comprimido de 25 kg para rocha com capacidade de 2.040 gpm | H108: =VLOOKUP(G108,'insumos terrapl'!$C$3:$K$47,2,0) -> 2Q 42 06 02 14 02 00 | I108: =VLOOKUP(G108,'insumos terrapl'!$C$3:$K$47,3,0) -> 2Q | J108: =VLOOKUP(G108,'insumos terrapl'!$C$3:$K$47,4,0) -> 42 | K108: =VLOOKUP(G108,'insumos terrapl'!$C$3:$K$47,5,0) -> 06 | L108: =VLOOKUP(G108,'insumos terrapl'!$C$3:$K$47,6,0) -> 02 | M108: =VLOOKUP(G108,'insumos terrapl'!$C$3:$K$47,7,0) -> 14 | N108: =VLOOKUP(G108,'insumos terrapl'!$C$3:$K$47,8,0) -> 02 | O108: =VLOOKUP(G108,'insumos terrapl'!$C$3:$K$47,9,0) -> 00
F109: P9824 | G109: Servente | H109: =VLOOKUP(G109,'insumos terrapl'!$C$3:$K$47,2,0) -> 2N 20 14 08 00 00 00 | I109: =VLOOKUP(G109,'insumos terrapl'!$C$3:$K$47,3,0) -> 2N | J109: =VLOOKUP(G109,'insumos terrapl'!$C$3:$K$47,4,0) -> 20 | K109: =VLOOKUP(G109,'insumos terrapl'!$C$3:$K$47,5,0) -> 14 | L109: =VLOOKUP(G109,'insumos terrapl'!$C$3:$K$47,6,0) -> 08 | M109: =VLOOKUP(G109,'insumos terrapl'!$C$3:$K$47,7,0) -> 00 | N109: =VLOOKUP(G109,'insumos terrapl'!$C$3:$K$47,8,0) -> 00 | O109: =VLOOKUP(G109,'insumos terrapl'!$C$3:$K$47,9,0) -> 00
F110: M0421 | G110: Argamassa expansiva para desmonte de rocha e demolição de concreto | H110: =VLOOKUP(G110,'insumos terrapl'!$C$3:$K$47,2,0) -> 2C 4 02 14 00 00 00 | I110: =VLOOKUP(G110,'insumos terrapl'!$C$3:$K$47,3,0) -> 2C | J110: =VLOOKUP(G110,'insumos terrapl'!$C$3:$K$47,4,0) -> 4 | K110: =VLOOKUP(G110,'insumos terrapl'!$C$3:$K$47,5,0) -> 02 | L110: =VLOOKUP(G110,'insumos terrapl'!$C$3:$K$47,6,0) -> 14 | M110: =VLOOKUP(G110,'insumos terrapl'!$C$3:$K$47,7,0) -> 00 | N110: =VLOOKUP(G110,'insumos terrapl'!$C$3:$K$47,8,0) -> 00 | O110: =VLOOKUP(G110,'insumos terrapl'!$C$3:$K$47,9,0) -> 00
F111: M0421 | G111: Argamassa expansiva para desmonte de rocha e demolição de concreto - Caminhão carroceria 15 t | H111: =VLOOKUP(G111,'insumos terrapl'!$C$3:$K$47,2,0) -> 2Q 66 06 02 00 00 00 | I111: =VLOOKUP(G111,'insumos terrapl'!$C$3:$K$47,3,0) -> 2Q | J111: =VLOOKUP(G111,'insumos terrapl'!$C$3:$K$47,4,0) -> 66 | K111: =VLOOKUP(G111,'insumos terrapl'!$C$3:$K$47,5,0) -> 06 | L111: =VLOOKUP(G111,'insumos terrapl'!$C$3:$K$47,6,0) -> 02 | M111: =VLOOKUP(G111,'insumos terrapl'!$C$3:$K$47,7,0) -> 00 | N111: =VLOOKUP(G111,'insumos terrapl'!$C$3:$K$47,8,0) -> 00 | O111: =VLOOKUP(G111,'insumos terrapl'!$C$3:$K$47,9,0) -> 00
F112: M2145 | G112: Série de brocas integrais S12 | H112: =VLOOKUP(G112,'insumos terrapl'!$C$3:$K$47,2,0) -> 2N 58 06 00 00 00 00 | I112: =VLOOKUP(G112,'insumos terrapl'!$C$3:$K$47,3,0) -> 2N | J112: =VLOOKUP(G112,'insumos terrapl'!$C$3:$K$47,4,0) -> 58 | K112: =VLOOKUP(G112,'insumos terrapl'!$C$3:$K$47,5,0) -> 06 | L112: =VLOOKUP(G112,'insumos terrapl'!$C$3:$K$47,6,0) -> 00 | M112: =VLOOKUP(G112,'insumos terrapl'!$C$3:$K$47,7,0) -> 00 | N112: =VLOOKUP(G112,'insumos terrapl'!$C$3:$K$47,8,0) -> 00 | O112: =VLOOKUP(G112,'insumos terrapl'!$C$3:$K$47,9,0) -> 00
A114: 2.5.6 | B114: Desmonte de matacões ou bloco de rocha por meio de explosivos | C114: 5515739 | D114: =A114 -> 2.5.6 | E114: Desmonte de matacões ou bloco de rocha por meio de explosivos | F114: 5515739
F115: E9646 | G115: Compressor de ar portátil de 58,52 l/s (124 PCM) - 27 kW | H115: =VLOOKUP(G115,'insumos terrapl'!$C$3:$K$47,2,0) -> 2Q 42 06 18 02 02 00 | I115: =VLOOKUP(G115,'insumos terrapl'!$C$3:$K$47,3,0) -> 2Q | J115: =VLOOKUP(G115,'insumos terrapl'!$C$3:$K$47,4,0) -> 42 | K115: =VLOOKUP(G115,'insumos terrapl'!$C$3:$K$47,5,0) -> 06 | L115: =VLOOKUP(G115,'insumos terrapl'!$C$3:$K$47,6,0) -> 18 | M115: =VLOOKUP(G115,'insumos terrapl'!$C$3:$K$47,7,0) -> 02 | N115: =VLOOKUP(G115,'insumos terrapl'!$C$3:$K$47,8,0) -> 02 | O115: =VLOOKUP(G115,'insumos terrapl'!$C$3:$K$47,9,0) -> 00
F116: E9527 | G116: Martelete perfurador/rompedor a ar comprimido de 25 kg para rocha com capacidade de 2.040 gpm | H116: =VLOOKUP(G116,'insumos terrapl'!$C$3:$K$47,2,0) -> 2Q 42 06 02 14 02 00 | I116: =VLOOKUP(G116,'insumos terrapl'!$C$3:$K$47,3,0) -> 2Q | J116: =VLOOKUP(G116,'insumos terrapl'!$C$3:$K$47,4,0) -> 42 | K116: =VLOOKUP(G116,'insumos terrapl'!$C$3:$K$47,5,0) -> 06 | L116: =VLOOKUP(G116,'insumos terrapl'!$C$3:$K$47,6,0) -> 02 | M116: =VLOOKUP(G116,'insumos terrapl'!$C$3:$K$47,7,0) -> 14 | N116: =VLOOKUP(G116,'insumos terrapl'!$C$3:$K$47,8,0) -> 02 | O116: =VLOOKUP(G116,'insumos terrapl'!$C$3:$K$47,9,0) -> 00
F117: P9892 | G117: Auxiliar de blaster | H117: =VLOOKUP(G117,'insumos terrapl'!$C$3:$K$47,2,0) -> 2N 20 14 02 00 00 00 | I117: =VLOOKUP(G117,'insumos terrapl'!$C$3:$K$47,3,0) -> 2N | J117: =VLOOKUP(G117,'insumos terrapl'!$C$3:$K$47,4,0) -> 20 | K117: =VLOOKUP(G117,'insumos terrapl'!$C$3:$K$47,5,0) -> 14 | L117: =VLOOKUP(G117,'insumos terrapl'!$C$3:$K$47,6,0) -> 02 | M117: =VLOOKUP(G117,'insumos terrapl'!$C$3:$K$47,7,0) -> 00 | N117: =VLOOKUP(G117,'insumos terrapl'!$C$3:$K$47,8,0) -> 00 | O117: =VLOOKUP(G117,'insumos terrapl'!$C$3:$K$47,9,0) -> 00
F118: P9852 | G118: Blaster | H118: =VLOOKUP(G118,'insumos terrapl'!$C$3:$K$47,2,0) -> 2N 20 14 02 00 00 00 | I118: =VLOOKUP(G118,'insumos terrapl'!$C$3:$K$47,3,0) -> 2N | J118: =VLOOKUP(G118,'insumos terrapl'!$C$3:$K$47,4,0) -> 20 | K118: =VLOOKUP(G118,'insumos terrapl'!$C$3:$K$47,5,0) -> 14 | L118: =VLOOKUP(G118,'insumos terrapl'!$C$3:$K$47,6,0) -> 02 | M118: =VLOOKUP(G118,'insumos terrapl'!$C$3:$K$47,7,0) -> 00 | N118: =VLOOKUP(G118,'insumos terrapl'!$C$3:$K$47,8,0) -> 00 | O118: =VLOOKUP(G118,'insumos terrapl'!$C$3:$K$47,9,0) -> 00
F119: M2042 | G119: Emulsão explosiva encartuchada | H119: =VLOOKUP(G119,'insumos terrapl'!$C$3:$K$47,2,0) -> 2Q 58 06 02 28 00 00 | I119: =VLOOKUP(G119,'insumos terrapl'!$C$3:$K$47,3,0) -> 2Q | J119: =VLOOKUP(G119,'insumos terrapl'!$C$3:$K$47,4,0) -> 58 | K119: =VLOOKUP(G119,'insumos terrapl'!$C$3:$K$47,5,0) -> 06 | L119: =VLOOKUP(G119,'insumos terrapl'!$C$3:$K$47,6,0) -> 02 | M119: =VLOOKUP(G119,'insumos terrapl'!$C$3:$K$47,7,0) -> 28 | N119: =VLOOKUP(G119,'insumos terrapl'!$C$3:$K$47,8,0) -> 00 | O119: =VLOOKUP(G119,'insumos terrapl'!$C$3:$K$47,9,0) -> 00
F120: M2141 | G120: Nonel de iniciação para fogacho - C = 6,0 m
F121: M2145 | G121: Série de brocas integrais S12 | H121: =VLOOKUP(G121,'insumos terrapl'!$C$3:$K$47,2,0) -> 2N 58 06 00 00 00 00 | I121: =VLOOKUP(G121,'insumos terrapl'!$C$3:$K$47,3,0) -> 2N | J121: =VLOOKUP(G121,'insumos terrapl'!$C$3:$K$47,4,0) -> 58 | K121: =VLOOKUP(G121,'insumos terrapl'!$C$3:$K$47,5,0) -> 06 | L121: =VLOOKUP(G121,'insumos terrapl'!$C$3:$K$47,6,0) -> 00 | M121: =VLOOKUP(G121,'insumos terrapl'!$C$3:$K$47,7,0) -> 00 | N121: =VLOOKUP(G121,'insumos terrapl'!$C$3:$K$47,8,0) -> 00 | O121: =VLOOKUP(G121,'insumos terrapl'!$C$3:$K$47,9,0) -> 00
A123: 2.5.7 | B123: Pré-fissuramento de material de 3ª categoria | C123: 5505768 | D123: =A123 -> 2.5.7 | E123: Pré-fissuramento de material de 3ª categoria | F123: 5505768
...

Sheet insumos terrapl
B2: Código Insumo | C2: Descrição do Insumo | D2: Classificação NBR 15965 | E2: Nível 1 | F2: Nível 2 | G2: Nível 3 | H2: Nível 4 | I2: Nível 5 | J2: Nível 6 | K2: Nível 7
B3: E9541 | C3: Trator sobre esteiras com lâmina - 259 kW | D3: =E3&" "&F3&" "&G3&" "&H3&" "&I3&" "&J3&" "&K3 -> 2Q 62 30 02 14 00 00 | E3: 2Q | F3: 62 | G3: 30 | H3: 02 | I3: 14 | J3: 00 | K3: 00
B4: P9824 | C4: Servente | D4: =E4&" "&F4&" "&G4&" "&H4&" "&I4&" "&J4&" "&K4 -> 2N 20 14 08 00 00 00 | E4: 2N | F4: 20 | G4: 14 | H4: 08 | I4: 00 | J4: 00 | K4: 00
B5: E9540 | C5: Trator sobre esteiras com lâmina - 127 kW | D5: =E5&" "&F5&" "&G5&" "&H5&" "&I5&" "&J5&" "&K5 -> 2Q 62 30 02 14 00 00 | E5: 2Q | F5: 62 | G5: 30 | H5: 02 | I5: 14 | J5: 00 | K5: 00
B6: E9524 | C6: Motoniveladora - 93 kW | D6: =E6&" "&F6&" "&G6&" "&H6&" "&I6&" "&J6&" "&K6 -> 2Q 62 30 06 02 00 00 | E6: 2Q | F6: 62 | G6: 30 | H6: 06 | I6: 02 | J6: 00 | K6: 00
B7: E9571 | C7: Caminhão tanque com capacidade de 10.000 l - 188 kW | D7: =E7&" "&F7&" "&G7&" "&H7&" "&I7&" "&J7&" "&K7 -> 2Q 66 06 26 00 00 00 | E7: 2Q | F7: 66 | G7: 06 | H7: 26 | I7: 00 | J7: 00 | K7: 00
B8: E9526 | C8: Retroescavadeira de pneus - capacidade da caçamba da pá-carregadeira de 0,76 m³ e da retroescavadeira de 0,29 m³ - 58 kW | D8: =E8&" "&F8&" "&G8&" "&H8&" "&I8&" "&J8&" "&K8 -> 2Q 62 06 02 00 00 00 | E8: 2Q | F8: 62 | G8: 06 | H8: 02 | I8: 00 | J8: 00 | K8: 00
B9: E9775 | C9: Escavadeira hidráulica com martelo hidráulico de 1.700 kg - 103 kW | D9: =E9&" "&F9&" "&G9&" "&H9&" "&I9&" "&J9&" "&K9 -> 2Q 62 02 22 00 00 00 | E9: 2Q | F9: 62 | G9: 02 | H9: 22 | I9: 00 | J9: 00 | K9: 00
B10: M0602 | C10: Ponteiro para rompedor hidráulico de 1.700 kg | D10: =E10&" "&F10&" "&G10&" "&H10&" "&I10&" "&J10&" "&K10 -> 2Q 62 50 10 00 00 00 | E10: 2Q | F10: 62 | G10: 50 | H10: 10 | I10: 00 | J10: 00 | K10: 00
B11: M0602 | C11: Ponteiro para rompedor hidráulico de 1.700 kg - Caminhão carroceria 15 t | D11: =E11&" "&F11&" "&G11&" "&H11&" "&I11&" "&J11&" "&K11 -> 2Q 66 06 02 00 00 00 | E11: 2Q | F11: 66 | G11: 06 | H11: 02 | I11: 00 | J11: 00 | K11: 00
B12: E9646 | C12: Compressor de ar portátil de 58,52 l/s (124 PCM) - 27 kW | D12: =E12&" "&F12&" "&G12&" "&H12&" "&I12&" "&J12&" "&K12 -> 2Q 42 06 18 02 02 00 | E12: 2Q | F12: 42 | G12: 06 | H12: 18 | I12: 02 | J12: 02 | K12: 00
B13: E9527 | C13: Martelete perfurador/rompedor a ar comprimido de 25 kg para rocha com capacidade de 2.040 gpm | D13: =E13&" "&F13&" "&G13&" "&H13&" "&I13&" "&J13&" "&K13 -> 2Q 42 06 02 14 02 00 | E13: 2Q | F13: 42 | G13: 06 | H13: 02 | I13: 14 | J13: 02 | K13: 00
B14: E9574 | C14: Perfuratriz sobre esteiras - 145 kW | D14: =E14&" "&F14&" "&G14&" "&H14&" "&I14&" "&J14&" "&K14 -> 2Q 58 10 10 02 06 00 | E14: 2Q | F14: 58 | G14: 10 | H14: 10 | I14: 02 | J14: 06 | K14: 00
B15: P9892 | C15: Auxiliar de blaster | D15: =E15&" "&F15&" "&G15&" "&H15&" "&I15&" "&J15&" "&K15 -> 2N 20 14 02 00 00 00 | E15: 2N | F15: 20 | G15: 14 | H15: 02 | I15: 00 | J15: 00 | K15: 00
B16: P9852 | C16: Blaster | D16: =E16&" "&F16&" "&G16&" "&H16&" "&I16&" "&J16&" "&K16 -> 2N 20 14 02 00 00 00 | E16: 2N | F16: 20 | G16: 14 | H16: 02 | I16: 00 | J16: 00 | K16: 00
B17: M2062 | C17: Coroa de botões esféricos linha T38 - D = 64 mm (2 1/2") | D17: =E17&" "&F17&" "&G17&" "&H17&" "&I17&" "&J17&" "&K17 -> 2N 58 06 00 00 00 00 | E17: 2N | F17: 58 | G17: 06 | H17: 00 | I17: 00 | J17: 00 | K17: 00
B18: M2042 | C18: Emulsão explosiva encartuchada | D18: =E18&" "&F18&" "&G18&" "&H18&" "&I18&" "&J18&" "&K18 -> 2Q 58 06 02 28 00 00 | E18: 2Q | F18: 58 | G18: 06 | H18: 02 | I18: 28 | J18: 00 | K18: 00
B19: M2065 | C19: Haste linha T38 para perfuratriz sobre esteiras - D = 38,0 mm (1 1/2") e C = 3,05 m | D19: =E19&" "&F19&" "&G19&" "&H19&" "&I19&" "&J19&" "&K19 -> 2N 58 06 00 00 00 00 | E19: 2N | F19: 58 | G19: 06 | H19: 00 | I19: 00 | J19: 00 | K19: 00
B20: M2066 | C20: Luva em aço linha T38 para perfuratriz sobre esteiras - D = 38,0 mm (1 1/2") | D20: =E20&" "&F20&" "&G20&" "&H20&" "&I20&" "&J20&" "&K20 -> 2N 58 06 00 00 00 00 | E20: 2N | F20: 58 | G20: 06 | H20: 00 | I20: 00 | J20: 00 | K20: 00
B21: M2144 | C21: Nonel de coluna - C = 6,0 m | D21: =E21&" "&F21&" "&G21&" "&H21&" "&I21&" "&J21&" "&K21 -> 2N 58 06 00 00 00 00 | E21: 2N | F21: 58 | G21: 06 | H21: 00 | I21: 00 | J21: 00 | K21: 00
B22: M2144 | C22: Nonel de coluna - C = 6,0 m | D22: =E22&" "&F22&" "&G22&" "&H22&" "&I22&" "&J22&" "&K22 -> 2N 58 06 00 00 00 00 | E22: 2N | F22: 58 | G22: 06 | H22: 00 | I22: 00 | J22: 00 | K22: 00
B23: M2143 | C23: Nonel de ligação - C = 6,0 m | D23: =E23&" "&F23&" "&G23&" "&H23&" "&I23&" "&J23&" "&K23 -> 2N 58 06 00 00 00 00 | E23: 2N | F23: 58 | G23: 06 | H23: 00 | I23: 00 | J23: 00 | K23: 00
B24: M2146 | C24: Nonel iniciador - C = 150,0 m | D24: =E24&" "&F24&" "&G24&" "&H24&" "&I24&" "&J24&" "&K24 -> 2N 58 06 00 00 00 00 | E24: 2N | F24: 58 | G24: 06 | H24: 00 | I24: 00 | J24: 00 | K24: 00
... B26: M2145 | C26: Série de brocas integrais S12 | D26: =E26&" "&F26&" "&G26&" "&H26&" "&I26&" "&J26&" "&K26 -> 2N 58 06 00 00 00 00 | E26: 2N | F26: 58 | G26: 06 | H26: 00 | I26: 00 | J26: 00 | K26: 00
B27: E9671 | C27: Compressor de ar portátil de 363,87 l/s (771 PCM) - 158,13 kW | D27: =E27&" "&F27&" "&G27&" "&H27&" "&I27&" "&J27&" "&K27 -> 2Q 42 06 18 02 02 00 | E27: 2Q | F27: 42 | G27: 06 | H27: 18 | I27: 02 | J27: 02 | K27: 00
B28: M0421 | C28: Argamassa expansiva para desmonte de rocha e demolição de concreto | D28: =E28&" "&F28&" "&G28&" "&H28&" "&I28&" "&J28&" "&K28 -> 2C 4 02 14 00 00 00 | E28: 2C | F28: 4 | G28: 02 | H28: 14 | I28: 00 | J28: 00 | K28: 00
B29: M0421 | C29: Argamassa expansiva para desmonte de rocha e demolição de concreto - Caminhão carroceria 15 t | D29: =E29&" "&F29&" "&G29&" "&H29&" "&I29&" "&J29&" "&K29 -> 2Q 66 06 02 00 00 00 | E29: 2Q | F29: 66 | G29: 06 | H29: 02 | I29: 00 | J29: 00 | K29: 00
B30: M1391 | C30: Ponteiro para martelete - D = 22 mm e C = 1,00 m | D30: =E30&" "&F30&" "&G30&" "&H30&" "&I30&" "&J30&" "&K30 -> 2Q 62 50 10 00 00 00 | E30: 2Q | F30: 62 | G30: 50 | H30: 10 | I30: 00 | J30: 00 | K30: 00
B31: E9523 | C31: Motoscraper - 304 kW | D31: =E31&" "&F31&" "&G31&" "&H31&" "&I31&" "&J31&" "&K31 -> 2Q 62 26 00 00 00 00 | E31: 2Q | F31: 62 | G31: 26 | H31: 00 | I31: 00 | J31: 00 | K31: 00
B32: E9667 | C32: Caminhão basculante com capacidade de 14 m³ - 210 kW | D32: =E32&" "&F32&" "&G32&" "&H32&" "&I32&" "&J32&" "&K32 -> 2Q 66 10 02 00 00 00 | E32: 2Q | F32: 66 | G32: 10 | H32: 02 | I32: 00 | J32: 00 | K32: 00
B33: E9511 | C33: Carregadeira de pneus com capacidade de 3,40 m³ - 195 kW | D33: =E33&" "&F33&" "&G33&" "&H33&" "&I33&" "&J33&" "&K33 -> 2Q 62 10 06 00 00 00 | E33: 2Q | F33: 62 | G33: 10 | H33: 06 | I33: 00 | J33: 00 | K33: 00
B34: E9667 | C34: Caminhão basculante com capacidade de 14 m³ - 210 kW | D34: =E34&" "&F34&" "&G34&" "&H34&" "&I34&" "&J34&" "&K34 -> 2Q 62 10 06 00 00 00 | E34: 2Q | F34: 62 | G34: 10 | H34: 06 | I34: 00 | J34: 00 | K34: 00
B35: E9565 | C35: Trator sobre esteiras com lâmina e escarificador - 259 kW | D35: =E35&" "&F35&" "&G35&" "&H35&" "&I35&" "&J35&" "&K35 -> 2Q 62 30 02 10 00 00 | E35: 2Q | F35: 62 | G35: 30 | H35: 02 | I35: 10 | J35: 00 | K35: 00
B36: E9515 | C36: Escavadeira hidráulica sobre esteiras com caçamba com capacidade de 1,56 m³ - 118 kW | D36: =E36&" "&F36&" "&G36&" "&H36&" "&I36&" "&J36&" "&K36 -> 2Q 62 02 10 00 00 00 | E36: 2Q | F36: 62 | G36: 02 | H36: 10 | I36: 00 | J36: 00 | K36: 00
B37: E9672 | C37: Caminhão basculante para rocha com capacidade de 12 m³ - 188 kW | D37: =E37&" "&F37&" "&G37&" "&H37&" "&I37&" "&J37&" "&K37 -> 2Q 66 10 02 00 00 00 | E37: 2Q | F37: 66 | G37: 10 | H37: 02 | I37: 00 | J37: 00 | K37: 00
B38: E9117 | C38: Carregadeira de pneus para rocha com capacidade de 2,50 m³ - 105 kW | D38: =E38&" "&F38&" "&G38&" "&H38&" "&I38&" "&J38&" "&K38 -> 2Q 62 10 06 00 00 00 | E38: 2Q | F38: 62 | G38: 10 | H38: 06 | I38: 00 | J38: 00 | K38: 00
B39: E9540 | C39: Trator sobre esteiras com lâmina - 127 kW | D39: =E39&" "&F39&" "&G39&" "&H39&" "&I39&" "&J39&" "&K39 -> 2Q 62 30 02 06 00 00 | E39: 2Q | F39: 62 | G39: 30 | H39: 02 | I39: 06 | J39: 00 | K39: 00
B40: E9576 | C40: Escavadeira hidráulica de longo alcance sobre esteiras - 103 kW | D40: =E40&" "&F40&" "&G40&" "&H40&" "&I40&" "&J40&" "&K40 -> 2Q 62 02 18 00 00 00 | E40: 2Q | F40: 62 | G40: 02 | H40: 18 | I40: 00 | J40: 00 | K40: 00
... B47: M0081 | C47: Areia grossa - Caminhão basculante 10 m³ | D47: =E47&" "&F47&" "&G47&" "&H47&" "&I47&" "&J47&" "&K47 -> 2Q 66 10 02 00 00 00 | E47: 2Q | F47: 66 | G47: 10 | H47: 02 | I47: 00 | J47: 00 | K47: 00

Sheet DATASET_NLP
B3: Código da Composição | C3: Descrição SICRO | D3: 3. SUBGRUPO_G55 | E3: Codigo do Insumo | F3: Descrição do Insumo | G3: Classificação NBR 15965 | H3: 7. Nível 1 | I3: 8. Nível 2 | J3: 9. Nível 3 | K3: 10. Nível 4 | L3: 11. Nível 5 | M3: 12. Nível 6 | N3: 13. Nível 7 | O3: TEXTO_SERVICO
B4: 5501700 | C4: Desmatamento, destocamento e limpeza-área com árvores de diâmetro até 0, 15 m | D4: =VLOOKUP(B4,CORRESPONDENCIA!$C$4:$F$2105,2,0) -> 2.1.1 | E4: =CORRESPONDENCIA!F6 -> E9541 | F4: Trator sobre esteiras com lâmina - 259 kW | G4: ='insumos terrapl'!D3 -> 2Q 62 30 02 14 00 00 | H4: ='insumos terrapl'!E3 -> 2Q | I4: ='insumos terrapl'!F3 -> 62 | J4: ='insumos terrapl'!G3 -> 30 | K4: ='insumos terrapl'!H3 -> 02 | L4: ='insumos terrapl'!I3 -> 14 | M4: ='insumos terrapl'!J3 -> 00 | N4: ='insumos terrapl'!K3 -> 00 | O4: =C4 & " | Insumo principal: " & F4 -> Desmatamento, destocamento e limpeza-área com árvores de diâmetro até 0, 15 m | Insumo principal: Trator sobre esteiras com lâmina - 259 kW
B5: 5501701 | C5: Destocamento de árvores de diâmetro de 0,15 a 0,30 m | D5: =VLOOKUP(B5,CORRESPONDENCIA!$C$4:$F$2105,2,0) -> 2.1.2 | E5: =CORRESPONDENCIA!F10 -> E9541 | F5: Trator sobre esteiras com lâmina - 259 kW | G5: ='insumos terrapl'!D3 -> 2Q 62 30 02 14 00 00 | H5: ='insumos terrapl'!E3 -> 2Q | I5: ='insumos terrapl'!F3 -> 62 | J5: ='insumos terrapl'!G3 -> 30 | K5: ='insumos terrapl'!H3 -> 02 | L5: ='insumos terrapl'!I3 -> 14 | M5: ='insumos terrapl'!J3 -> 00 | N5: ='insumos terrapl'!K3 -> 00 | O5: =C5 & " | Insumo principal: " & F5 -> Destocamento de árvores de diâmetro de 0,15 a 0,30 m | Insumo principal: Trator sobre esteiras com lâmina - 259 kW
B6: 5501702 | C6: Destocamento de árvores de diâmetro superior a 0, 30 m | D6: =VLOOKUP(B6,CORRESPONDENCIA!$C$4:$F$2105,2,0) -> 2.1.2 | E6: =CORRESPONDENCIA!F14 -> E9541 | F6: Trator sobre esteiras com lâmina - 259 kW | G6: ='insumos terrapl'!D3 -> 2Q 62 30 02 14 00 00 | H6: ='insumos terrapl'!E3 -> 2Q | I6: ='insumos terrapl'!F3 -> 62 | J6: ='insumos terrapl'!G3 -> 30 | K6: ='insumos terrapl'!H3 -> 02 | L6: ='insumos terrapl'!I3 -> 14 | M6: ='insumos terrapl'!J3 -> 00 | N6: ='insumos terrapl'!K3 -> 00 | O6: =C6 & " | Insumo principal: " & F6 -> Destocamento de árvores de diâmetro superior a 0, 30 m | Insumo principal: Trator sobre esteiras com lâmina - 259 kW
B7: 5502985 | C7: Limpeza mecanizada da camada vegetal | D7: =VLOOKUP(B7,CORRESPONDENCIA!$C$4:$F$2105,2,0) -> 2.1.3 | E7: =CORRESPONDENCIA!F18 -> E9540 | F7: Trator sobre esteiras com lâmina - 127 kW | G7: ='insumos terrapl'!D5 -> 2Q 62 30 02 14 00 00 | H7: ='insumos terrapl'!E5 -> 2Q | I7: ='insumos terrapl'!F5 -> 62 | J7: ='insumos terrapl'!G5 -> 30 | K7: ='insumos terrapl'!H5 -> 02 | L7: ='insumos terrapl'!I5 -> 14 | M7: ='insumos terrapl'!J5 -> 00 | N7: ='insumos terrapl'!K5 -> 00 | O7: =C7 & " | Insumo principal: " & F7 -> Limpeza mecanizada da camada vegetal | Insumo principal: Trator sobre esteiras com lâmina - 127 kW
B8: 5502986 | C8: Expurgo de jazida | D8: =VLOOKUP(B8,CORRESPONDENCIA!$C$4:$F$2105,2,0) -> 2.2.1 | E8: =CORRESPONDENCIA!F21 -> E9540 | F8: Trator sobre esteiras com lâmina - 127 kW | G8: ='insumos terrapl'!D5 -> 2Q 62 30 02 14 00 00 | H8: ='insumos terrapl'!E5 -> 2Q | I8: ='insumos terrapl'!F5 -> 62 | J8: ='insumos terrapl'!G5 -> 30 | K8: ='insumos terrapl'!H5 -> 02 | L8: ='insumos terrapl'!I5 -> 14 | M8: ='insumos terrapl'!J5 -> 00 | N8: ='insumos terrapl'!K5 -> 00 | O8: =C8 & " | Insumo principal: " & F8 -> Expurgo de jazida | Insumo principal: Trator sobre esteiras com lâmina - 127 kW
B9: 5503018 | C9: Manutenção de caminhos de serviço | D9: =VLOOKUP(B9,CORRESPONDENCIA!$C$4:$F$2105,2,0) -> 2.3.1 | E9: =CORRESPONDENCIA!F25 -> E9524 | F9: Motoniveladora - 93 kW | G9: ='insumos terrapl'!D6 -> 2Q 62 30 06 02 00 00 | H9: ='insumos terrapl'!E6 -> 2Q | I9: ='insumos terrapl'!F6 -> 62 | J9: ='insumos terrapl'!G6 -> 30 | K9: ='insumos terrapl'!H6 -> 06 | L9: ='insumos terrapl'!I6 -> 02 | M9: ='insumos terrapl'!J6 -> 00 | N9: ='insumos terrapl'!K6 -> 00 | O9: =C9 & " | Insumo principal: " & F9 -> Manutenção de caminhos de serviço | Insumo principal: Motoniveladora - 93 kW
B10: 5503020 | C10: Umedecimento de caminho de serviço | D10: =VLOOKUP(B10,CORRESPONDENCIA!$C$4:$F$2105,2,0) -> 2.3.2 | E10: =CORRESPONDENCIA!F211 -> E9667 | F10: Caminhão tanque com capacidade de 10.000 l - 188 kW | G10: ='insumos terrapl'!D7 -> 2Q 66 06 26 00 00 00 | H10: ='insumos terrapl'!E7 -> 2Q | I10: ='insumos terrapl'!F7 -> 66 | J10: ='insumos terrapl'!G7 -> 06 | K10: ='insumos terrapl'!H7 -> 26 | L10: ='insumos terrapl'!I7 -> 00 | M10: ='insumos terrapl'!J7 -> 00 | N10: ='insumos terrapl'!K7 -> 00 | O10: =C10 & " | Insumo principal: " & F10 -> Umedecimento de caminho de serviço | Insumo principal: Caminhão tanque com capacidade de 10.000 l - 188 kW
B11: 5501706 | C11: Escavação mecânica com retroescavadeira em material de 1ª categoria | D11: =VLOOKUP(B11,CORRESPONDENCIA!$C$4:$F$2105,2,0) -> 2.4.1 | E11: =CORRESPONDENCIA!F31 -> E9526 | F11: Retroescavadeira de pneus - capacidade da caçamba da pá-carregadeira de 0,76 m³ e da retroescavadeira de 0,29 m³ - 58 kW | G11: ='insumos terrapl'!D8 -> 2Q 62 06 02 00 00 00 | H11: ='insumos terrapl'!E8 -> 2Q | I11: ='insumos terrapl'!F8 -> 62 | J11: ='insumos terrapl'!G8 -> 06 | K11: ='insumos terrapl'!H8 -> 02 | L11: ='insumos terrapl'!I8 -> 00 | M11: ='insumos terrapl'!J8 -> 00 | N11: ='insumos terrapl'!K8 -> 00 | O11: =C11 & " | Insumo principal: " & F11 -> Escavação mecânica com retroescavadeira em material de 1ª categoria | Insumo principal: Retroescavadeira de pneus - capacidade da caçamba da pá-carregadeira de 0,76 m³ e da retroescavadeira de 0,29 m³ - 58 kW
B12: 5502972 | C12: Escavação de vala em material de 3ª categoria - resistência à compressão acima de 110 MPa - com escavadeira e rompedor hidráulico 1.700 kg | D12: =VLOOKUP(B12,CORRESPONDENCIA!$C$4:$F$2105,2,0) -> 2.5.1 | E12: M0602 | F12: Ponteiro para rompedor hidráulico de 1.700 kg | G12: ='insumos terrapl'!D10 -> 2Q 62 50 10 00 00 00 | H12: ='insumos terrapl'!E10 -> 2Q | I12: ='insumos terrapl'!F10 -> 62 | J12: ='insumos terrapl'!G10 -> 50 | K12: ='insumos terrapl'!H10 -> 10 | L12: ='insumos terrapl'!I10 -> 00 | M12: ='insumos terrapl'!J10 -> 00 | N12: ='insumos terrapl'!K10 -> 00 | O12: =C12 & " | Insumo principal: " & F12 -> Escavação de vala em material de 3ª categoria - resistência à compressão acima de 110 MPa - com escavadeira e rompedor hidráulico 1.700 kg | Insumo principal: Ponteiro para rompedor hidráulico de 1.700 kg
B13: 5502968 | C13: Escavação de vala em material de 3ª categoria - resistência à compressão até 50 MPa - com escavadeira e rompedor hidráulico 1.700 kg | D13: =VLOOKUP(B13,CORRESPONDENCIA!$C$4:$F$2105,2,0) -> 2.5.1 | E13: M0602 | F13: Ponteiro para rompedor hidráulico de 1.700 kg | G13: ='insumos terrapl'!D10 -> 2Q 62 50 10 00 00 00 | H13: ='insumos terrapl'!E10 -> 2Q | I13: ='insumos terrapl'!F10 -> 62 | J13: ='insumos terrapl'!G10 -> 50 | K13: ='insumos terrapl'!H10 -> 10 | L13: ='insumos terrapl'!I10 -> 00 | M13: ='insumos terrapl'!J10 -> 00 | N13: ='insumos terrapl'!K10 -> 00 | O13: =C13 & " | Insumo principal: " & F13 -> Escavação de vala em material de 3ª categoria - resistência à compressão até 50 MPa - com escavadeira e rompedor hidráulico 1.700 kg | Insumo principal: Ponteiro para rompedor hidráulico de 1.700 kg
B14: 5502969 | C14: Escavação de vala em material de 3ª categoria - resistência à compressão de 50 a 70 MPa - com escavadeira e rompedor hidráulico 1.700 kg | D14: =VLOOKUP(B14,CORRESPONDENCIA!$C$4:$F$2105,2,0) -> 2.5.1 | E14: M0602 | F14: Ponteiro para rompedor hidráulico de 1.700 kg | G14: ='insumos terrapl'!D10 -> 2Q 62 50 10 00 00 00 | H14: ='insumos terrapl'!E10 -> 2Q | I14: ='insumos terrapl'!F10 -> 62 | J14: ='insumos terrapl'!G10 -> 50 | K14: ='insumos terrapl'!H10 -> 10 | L14: ='insumos terrapl'!I10 -> 00 | M14: ='insumos terrapl'!J10 -> 00 | N14: ='insumos terrapl'!K10 -> 00 | O14: =C14 & " | Insumo principal: " & F14 -> Escavação de vala em material de 3ª categoria - resistência à compressão de 50 a 70 MPa - com escavadeira e rompedor hidráulico 1.700 kg | Insumo principal: Ponteiro para rompedor hidráulico de 1.700 kg
B15: 5502970 | C15: Escavação de vala em material de 3ª categoria - resistência à compressão de 70 a 90 MPa - com escavadeira e rompedor hidráulico 1.700 kg | D15: =VLOOKUP(B15,CORRESPONDENCIA!$C$4:$F$2105,2,0) -> 2.5.1 | E15: M0602 | F15: Ponteiro para rompedor hidráulico de 1.700 kg | G15: ='insumos terrapl'!D10 -> 2Q 62 50 10 00 00 00 | H15: ='insumos terrapl'!E10 -> 2Q | I15: ='insumos terrapl'!F10 -> 62 | J15: ='insumos terrapl'!G10 -> 50 | K15: ='insumos terrapl'!H10 -> 10 | L15: ='insumos terrapl'!I10 -> 00 | M15: ='insumos terrapl'!J10 -> 00 | N15: ='insumos terrapl'!K10 -> 00 | O15: =C15 & " | Insumo principal: " & F15 -> Escavação de vala em material de 3ª categoria - resistência à compressão de 70 a 90 MPa - com escavadeira e rompedor hidráulico 1.700 kg | Insumo principal: Ponteiro para rompedor hidráulico de 1.700 kg
B16: 5502971 | C16: Escavação de vala em material de 3ª categoria - resistência à compressão de 90 a 110 MPa - com escavadeira e rompedor hidráulico 1.700 kg | D16: =VLOOKUP(B16,CORRESPONDENCIA!$C$4:$F$2105,2,0) -> 2.5.1 | E16: =CORRESPONDENCIA!F56 -> M0602 | F16: Ponteiro para rompedor hidráulico de 1.700 kg | G16: ='insumos terrapl'!D10 -> 2Q 62 50 10 00 00 00 | H16: ='insumos terrapl'!E10 -> 2Q | I16: ='insumos terrapl'!F10 -> 62 | J16: ='insumos terrapl'!G10 -> 50 | K16: ='insumos terrapl'!H10 -> 10 | L16: ='insumos terrapl'!I10 -> 00 | M16: ='insumos terrapl'!J10 -> 00 | N16: ='insumos terrapl'!K10 -> 00 | O16: =C16 & " | Insumo principal: " & F16 -> Escavação de vala em material de 3ª categoria - resistência à compressão de 90 a 110 MPa - com escavadeira e rompedor hidráulico 1.700 kg | Insumo principal: Ponteiro para rompedor hidráulico de 1.700 kg
B17: 5502967 | C17: Escavação em material de 3ª categoria - resistência à compressão acima de 110 MPa - com escavadeira e rompedor hidráulico 1.700 kg | D17: =VLOOKUP(B17,CORRESPONDENCIA!$C$4:$F$2105,2,0) -> 2.5.2 | E17: M0602 | F17: Ponteiro para rompedor hidráulico de 1.700 kg | G17: ='insumos terrapl'!D10 -> 2Q 62 50 10 00 00 00 | H17: ='insumos terrapl'!E10 -> 2Q | I17: ='insumos terrapl'!F10 -> 62 | J17: ='insumos terrapl'!G10 -> 50 | K17: ='insumos terrapl'!H10 -> 10 | L17: ='insumos terrapl'!I10 -> 00 | M17: ='insumos terrapl'!J10 -> 00 | N17: ='insumos terrapl'!K10 -> 00 | O17: =C17 & " | Insumo principal: " & F17 -> Escavação em material de 3ª categoria - resistência à compressão acima de 110 MPa - com escavadeira e rompedor hidráulico 1.700 kg | Insumo principal: Ponteiro para rompedor hidráulico de 1.700 kg
B18: 5502963 | C18: Escavação em material de 3ª categoria - resistência à compressão até 50 MPa - com escavadeira e rompedor hidráulico 1.700 kg | D18: =VLOOKUP(B18,CORRESPONDENCIA!$C$4:$F$2105,2,0) -> 2.5.2 | E18: M0602 | F18: Ponteiro para rompedor hidráulico de 1.700 kg | G18: ='insumos terrapl'!D10 -> 2Q 62 50 10 00 00 00 | H18: ='insumos terrapl'!E10 -> 2Q | I18: ='insumos terrapl'!F10 -> 62 | J18: ='insumos terrapl'!G10 -> 50 | K18: ='insumos terrapl'!H10 -> 10 | L18: ='insumos terrapl'!I10 -> 00 | M18: ='insumos terrapl'!J10 -> 00 | N18: ='insumos terrapl'!K10 -> 00 | O18: =C18 & " | Insumo principal: " & F18 -> Escavação em material de 3ª categoria - resistência à compressão até 50 MPa - com escavadeira e rompedor hidráulico 1.700 kg | Insumo principal: Ponteiro para rompedor hidráulico de 1.700 kg
B19: 5502964 | C19: Escavação em material de 3ª categoria - resistência à compressão de 50 a 70 MPa - com escavadeira e rompedor hidráulico 1.700 kg | D19: =VLOOKUP(B19,CORRESPONDENCIA!$C$4:$F$2105,2,0) -> 2.5.2 | E19: M0602 | F19: Ponteiro para rompedor hidráulico de 1.700 kg | G19: ='insumos terrapl'!D10 -> 2Q 62 50 10 00 00 00 | H19: ='insumos terrapl'!E10 -> 2Q | I19: ='insumos terrapl'!F10 -> 62 | J19: ='insumos terrapl'!G10 -> 50 | K19: ='insumos terrapl'!H10 -> 10 | L19: ='insumos terrapl'!I10 -> 00 | M19: ='insumos terrapl'!J10 -> 00 | N19: ='insumos terrapl'!K10 -> 00 | O19: =C19 & " | Insumo principal: " & F19 -> Escavação em material de 3ª categoria - resistência à compressão de 50 a 70 MPa - com escavadeira e rompedor hidráulico 1.700 kg | Insumo principal: Ponteiro para rompedor hidráulico de 1.700 kg
B20: 5502965 | C20: Escavação em material de 3ª categoria - resistência à compressão de 70 a 90 MPa - com escavadeira e rompedor hidráulico 1.700 kg | D20: =VLOOKUP(B20,CORRESPONDENCIA!$C$4:$F$2105,2,0) -> 2.5.2 | E20: M0602 | F20: Ponteiro para rompedor hidráulico de 1.700 kg | G20: ='insumos terrapl'!D10 -> 2Q 62 50 10 00 00 00 | H20: ='insumos terrapl'!E10 -> 2Q | I20: ='insumos terrapl'!F10 -> 62 | J20: ='insumos terrapl'!G10 -> 50 | K20: ='insumos terrapl'!H10 -> 10 | L20: ='insumos terrapl'!I10 -> 00 | M20: ='insumos terrapl'!J10 -> 00 | N20: ='insumos terrapl'!K10 -> 00 | O20: =C20 & " | Insumo principal: " & F20 -> Escavação em material de 3ª categoria - resistência à compressão de 70 a 90 MPa - com escavadeira e rompedor hidráulico 1.700 kg | Insumo principal: Ponteiro para rompedor hidráulico de 1.700 kg
B21: 5502966 | C21: Escavação em material de 3ª categoria - resistência à compressão de 90 a 110 MPa - com escavadeira e rompedor hidráulico 1.700 kg | D21: =VLOOKUP(B21,CORRESPONDENCIA!$C$4:$F$2105,2,0) -> 2.5.2 | E21: =CORRESPONDENCIA!F108 -> E9527 | F21: Martelete perfurador/rompedor a ar comprimido de 25 kg para rocha com capacidade de 2.040 gpm | G21: ='insumos terrapl'!D13 -> 2Q 42 06 02 14 02 00 | H21: ='insumos terrapl'!E13 -> 2Q | I21: ='insumos terrapl'!F13 -> 42 | J21: ='insumos terrapl'!G13 -> 06 | K21: ='insumos terrapl'!H13 -> 02 | L21: ='insumos terrapl'!I13 -> 14 | M21: ='insumos terrapl'!J13 -> 02 | N21: ='insumos terrapl'!K13 -> 00 | O21: =C21 & " | Insumo principal: " & F21 -> Escavação em material de 3ª categoria - resistência à compressão de 90 a 110 MPa - com escavadeira e rompedor hidráulico 1.700 kg | Insumo principal: Martelete perfurador/rompedor a ar comprimido de 25 kg para rocha com capacidade de 2.040 gpm
B22: 5502977 | C22: Fragmentação de blocos de rocha com escavadeira e rompedor hidráulico | D22: =VLOOKUP(B22,CORRESPONDENCIA!$C$4:$F$2105,2,0) -> 2.5.3 | E22: E9775 | F22: Escavadeira hidráulica com martelo hidráulico de 1.700 kg - 103 kW | G22: ='insumos terrapl'!D14 -> 2Q 58 10 10 02 06 00 | H22: ='insumos terrapl'!#REF! -> #REF! | I22: ='insumos terrapl'!#REF! -> #REF! | J22: ='insumos terrapl'!#REF! -> #REF! | K22: ='insumos terrapl'!#REF! -> #REF! | L22: ='insumos terrapl'!#REF! -> #REF! | M22: ='insumos terrapl'!#REF! -> #REF! | N22: ='insumos terrapl'!#REF! -> #REF! | O22: =C22 & " | Insumo principal: " & F22 -> Fragmentação de blocos de rocha com escavadeira e rompedor hidráulico | Insumo principal: Escavadeira hidráulica com martelo hidráulico de 1.700 kg - 103 kW
B23: 5502993 | C23: Escavação em material de 3ª categoria - com perfuratriz sobre esteiras | D23: =VLOOKUP(B23,CORRESPONDENCIA!$C$4:$F$2105,2,0) -> 2.5.4 | E23: E9574 | F23: Perfuratriz sobre esteiras - 145 kW | G23: ='insumos terrapl'!D14 -> 2Q 58 10 10 02 06 00 | H23: ='insumos terrapl'!E14 -> 2Q | I23: ='insumos terrapl'!F14 -> 58 | J23: ='insumos terrapl'!G14 -> 10 | K23: ='insumos terrapl'!H14 -> 10 | L23: ='insumos terrapl'!I14 -> 02 | M23: ='insumos terrapl'!J14 -> 06 | N23: ='insumos terrapl'!K14 -> 00 | O23: =C23 & " | Insumo principal: " & F23 -> Escavação em material de 3ª categoria - com perfuratriz sobre esteiras | Insumo principal: Perfuratriz sobre esteiras - 145 kW
B24: 5505766 | C24: Desmonte de material de 3ªcategoria a frio - com argamassa expansiva a céu aberto | D24: =VLOOKUP(B24,CORRESPONDENCIA!$C$4:$F$2105,2,0) -> #N/A | E24: E9671 | F24: Compressor de ar portátil de 363,87 l/s (771 PCM) - 158,13 kW | G24: ='insumos terrapl'!D27 -> 2Q 42 06 18 02 02 00 | H24: ='insumos terrapl'!E27 -> 2Q | I24: ='insumos terrapl'!F27 -> 42 | J24: ='insumos terrapl'!G27 -> 06 | K24: ='insumos terrapl'!H27 -> 18 | L24: ='insumos terrapl'!I27 -> 02 | M24: ='insumos terrapl'!J27 -> 02 | N24: ='insumos terrapl'!K27 -> 00 | O24: =C24 & " | Insumo principal: " & F24 -> Desmonte de material de 3ªcategoria a frio - com argamassa expansiva a céu aberto | Insumo principal: Compressor de ar portátil de 363,87 l/s (771 PCM) - 158,13 kW
B25: 5515739 | C25: Desmonte de matacões ou bloco de rocha por meio de explosivos | D25: =VLOOKUP(B25,CORRESPONDENCIA!$C$4:$F$2105,2,0) -> 2.5.6 | E25: E9646 | F25: Compressor de ar portátil de 58,52 l/s (124 PCM) - 27 kW | G25: ='insumos terrapl'!D12 -> 2Q 42 06 18 02 02 00 | H25: ='insumos terrapl'!E12 -> 2Q | I25: ='insumos terrapl'!F12 -> 42 | J25: ='insumos terrapl'!G12 -> 06 | K25: ='insumos terrapl'!H12 -> 18 | L25: ='insumos terrapl'!I12 -> 02 | M25: ='insumos terrapl'!J12 -> 02 | N25: ='insumos terrapl'!K12 -> 00 | O25: =C25 & " | Insumo principal: " & F25 -> Desmonte de matacões ou bloco de rocha por meio de explosivos | Insumo principal: Compressor de ar portátil de 58,52 l/s (124 PCM) - 27 kW
B26: 5505768 | C26: Pré-fissuramento de material de 3ª categoria | D26: =VLOOKUP(B26,CORRESPONDENCIA!$C$4:$F$2105,2,0) -> 2.5.7 | E26: E9574 | F26: Perfuratriz sobre esteiras - 145 kW | G26: =G23 -> 2Q 58 10 10 02 06 00 | H26: =H23 -> 2Q | I26: =I23 -> 58 | J26: =J23 -> 10 | K26: =K23 -> 10 | L26: =L23 -> 02 | M26: =M23 -> 06 | N26: =N23 -> 00 | O26: =C26 & " | Insumo principal: " & F26 -> Pré-fissuramento de material de 3ª categoria | Insumo principal: Perfuratriz sobre esteiras - 145 kW
B27: 5500991 | C27: Desmonte de blocos de rocha com martelete pneumático | D27: =VLOOKUP(B27,CORRESPONDENCIA!$C$4:$F$2105,2,0) -> 2.5.8 | E27: E9646 | F27: Compressor de ar portátil de 58,52 l/s (124 PCM) - 27 kW | G27: =G25 -> 2Q 42 06 18 02 02 00 | H27: =H25 -> 2Q | I27: =I25 -> 42 | J27: =J25 -> 06 | K27: =K25 -> 18 | L27: =L25 -> 02 | M27: =M25 -> 02 | N27: =N25 -> 00 | O27: =C27 & " | Insumo principal: " & F27 -> Desmonte de blocos de rocha com martelete pneumático | Insumo principal: Compressor de ar portátil de 58,52 l/s (124 PCM) - 27 kW
B28: 5501716 | C28: Escavação, carga e transporte em material de 1ª categoria - DMT de 1.000 a 1.200 m com motoscraper | D28: =VLOOKUP(B28,CORRESPONDENCIA!$C$4:$F$2105,2,0) -> 2.6.1 | E28: E9523 | F28: Motoscraper - 304 kW | G28: ='insumos terrapl'!D31 -> 2Q 62 26 00 00 00 00 | H28: ='insumos terrapl'!E31 -> 2Q | I28: ='insumos terrapl'!F31 -> 62 | J28: ='insumos terrapl'!G31 -> 26 | K28: ='insumos terrapl'!H31 -> 00 | L28: ='insumos terrapl'!I31 -> 00 | M28: ='insumos terrapl'!J31 -> 00 | N28: ='insumos terrapl'!K31 -> 00 | O28: =C28 & " | Insumo principal: " & F28 -> Escavação, carga e transporte em material de 1ª categoria - DMT de 1.000 a 1.200 m com motoscraper | Insumo principal: Motoscraper - 304 kW
B29: 5501717 | C29: Escavação, carga e transporte em material de 1ª categoria - DMT de 1.200 a 1.400 m com motoscraper | D29: =VLOOKUP(B29,CORRESPONDENCIA!$C$4:$F$2105,2,0) -> 2.6.1 | E29: E9523 | F29: Motoscraper - 304 kW | G29: =G28 -> 2Q 62 26 00 00 00 00 | H29: =H28 -> 2Q | I29: =I28 -> 62 | J29: =J28 -> 26 | K29: =K28 -> 00 | L29: =L28 -> 00 | M29: =M28 -> 00 | N29: =N28 -> 00 | O29: =C29 & " | Insumo principal: " & F29 -> Escavação, carga e transporte em material de 1ª categoria - DMT de 1.200 a 1.400 m com motoscraper | Insumo principal: Motoscraper - 304 kW
B30: 5501712 | C30: Escavação, carga e transporte em material de 1ª categoria - DMT de 200 a 400 m com motoscraper | D30: =VLOOKUP(B30,CORRESPONDENCIA!$C$4:$F$2105,2,0) -> 2.6.1 | E30: E9523 | F30: Motoscraper - 304 kW | G30: =G29 -> 2Q 62 26 00 00 00 00 | H30: =H29 -> 2Q | I30: =I29 -> 62 | J30: =J29 -> 26 | K30: =K29 -> 00 | L30: =L29 -> 00 | M30: =M29 -> 00 | N30: =N29 -> 00 | O30: =C30 & " | Insumo principal: " & F30 -> Escavação, carga e transporte em material de 1ª categoria - DMT de 200 a 400 m com motoscraper | Insumo principal: Motoscraper - 304 kW
B31: 5501713 | C31: Escavação, carga e transporte em material de 1ª categoria - DMT de 400 a 600 m com motoscraper | D31: =VLOOKUP(B31,CORRESPONDENCIA!$C$4:$F$2105,2,0) -> 2.6.1 | E31: E9523 | F31: Motoscraper - 304 kW | G31: =G30 -> 2Q 62 26 00 00 00 00 | H31: =H30 -> 2Q | I31: =I30 -> 62 | J31: =J30 -> 26 | K31: =K30 -> 00 | L31: =L30 -> 00 | M31: =M30 -> 00 | N31: =N30 -> 00 | O31: =C31 & " | Insumo principal: " & F31 -> Escavação, carga e transporte em material de 1ª categoria - DMT de 400 a 600 m com motoscraper | Insumo principal: Motoscraper - 304 kW
B32: 5501711 | C32: Escavação, carga e transporte em material de 1ª categoria - DMT de 50 a 200 m com motoscraper | D32: =VLOOKUP(B32,CORRESPONDENCIA!$C$4:$F$2105,2,0) -> 2.6.1 | E32: E9523 | F32: Motoscraper - 304 kW | G32: =G31 -> 2Q 62 26 00 00 00 00 | H32: =H31 -> 2Q | I32: =I31 -> 62 | J32: =J31 -> 26 | K32: =K31 -> 00 | L32: =L31 -> 00 | M32: =M31 -> 00 | N32: =N31 -> 00 | O32: =C32 & " | Insumo principal: " & F32 -> Escavação, carga e transporte em material de 1ª categoria - DMT de 50 a 200 m com motoscraper | Insumo principal: Motoscraper - 304 kW
B33: 5501714 | C33: Escavação, carga e transporte em material de 1ª categoria - DMT de 600 a 800 m com motoscraper | D33: =VLOOKUP(B33,CORRESPONDENCIA!$C$4:$F$2105,2,0) -> 2.6.1 | E33: E9523 | F33: Motoscraper - 304 kW | G33: =G32 -> 2Q 62 26 00 00 00 00 | H33: =H32 -> 2Q | I33: =I32 -> 62 | J33: =J32 -> 26 | K33: =K32 -> 00 | L33: =L32 -> 00 | M33: =M32 -> 00 | N33: =N32 -> 00 | O33: =C33 & " | Insumo principal: " & F33 -> Escavação, carga e transporte em material de 1ª categoria - DMT de 600 a 800 m com motoscraper | Insumo principal: Motoscraper - 304 kW
B34: 5501715 | C34: Escavação, carga e transporte em material de 1ª categoria - DMT de 800 a 1.000 m com motoscraper | D34: =VLOOKUP(B34,CORRESPONDENCIA!$C$4:$F$2105,2,0) -> 2.6.1 | E34: E9523 | F34: Motoscraper - 304 kW | G34: =G33 -> 2Q 62 26 00 00 00 00 | H34: =H33 -> 2Q | I34: =I33 -> 62 | J34: =J33 -> 26 | K34: =K33 -> 00 | L34: =L33 -> 00 | M34: =M33 -> 00 | N34: =N33 -> 00 | O34: =C34 & " | Insumo principal: " & F34 -> Escavação, carga e transporte em material de 1ª categoria - DMT de 800 a 1.000 m com motoscraper | Insumo principal: Motoscraper - 304 kW
B35: 5501710 | C35: Escavação e transporte de material de 1ªcategoriacomtratordeesteiras-DMTdeaté50m | D35: =VLOOKUP(B35,CORRESPONDENCIA!$C$4:$F$2105,2,0) -> 2.6.2 | E35: E9541 | F35: Trator sobre esteiras com lâmina - 259 kW | G35: ='insumos terrapl'!D3 -> 2Q 62 30 02 14 00 00 | H35: ='insumos terrapl'!E3 -> 2Q | I35: ='insumos terrapl'!F3 -> 62 | J35: ='insumos terrapl'!G3 -> 30 | K35: ='insumos terrapl'!H3 -> 02 | L35: ='insumos terrapl'!I3 -> 14 | M35: ='insumos terrapl'!J3 -> 00 | N35: ='insumos terrapl'!K3 -> 00 | O35: =C35 & " | Insumo principal: " & F35 -> Escavação e transporte de material de 1ªcategoriacomtratordeesteiras-DMTdeaté50m | Insumo principal: Trator sobre esteiras com lâmina - 259 kW
B36: 5501880 | C36: Escavação, carga e transporte de material de 1ª categoria - DMT de 1.000 a 1.200 m - caminho de serviço em leito natural - com carregadeira e caminhão basculante de 14 m³ | D36: =VLOOKUP(B36,CORRESPONDENCIA!$C$4:$F$2105,2,0) -> 2.6.3 | E36: E9667 | F36: Caminhão basculante com capacidade de 14 m³ - 210 kW | G36: ='insumos terrapl'!D32 -> 2Q 66 10 02 00 00 00 | H36: ='insumos terrapl'!E32 -> 2Q | I36: ='insumos terrapl'!F32 -> 66 | J36: ='insumos terrapl'!G32 -> 10 | K36: ='insumos terrapl'!H32 -> 02 | L36: ='insumos terrapl'!I32 -> 00 | M36: ='insumos terrapl'!J32 -> 00 | N36: ='insumos terrapl'!K32 -> 00 | O36: =C36 & " | Insumo principal: " & F36 -> Escavação, carga e transporte de material de 1ª categoria - DMT de 1.000 a 1.200 m - caminho de serviço em leito natural - com carregadeira e caminhão basculante de 14 m³ | Insumo principal: Caminhão basculante com capacidade de 14 m³ - 210 kW
B37: 5501906 | C37: Escavação, carga e transporte de material de 1ª categoria - DMT de 1.000 a 1.200 m - caminho de serviço em revestimento primário - com carregadeira e caminhão basculante de 14 m³ | D37: =VLOOKUP(B37,CORRESPONDENCIA!$C$4:$F$2105,2,0) -> 2.6.3 | E37: E9667 | F37: Caminhão basculante com capacidade de 14 m³ - 210 kW | G37: =G36 -> 2Q 66 10 02 00 00 00 | H37: =H36 -> 2Q | I37: =I36 -> 66 | J37: =J36 -> 10 | K37: =K36 -> 02 | L37: =L36 -> 00 | M37: =M36 -> 00 | N37: =N36 -> 00 | O37: =C37 & " | Insumo principal: " & F37 -> Escavação, carga e transporte de material de 1ª categoria - DMT de 1.000 a 1.200 m - caminho de serviço em revestimento primário - com carregadeira e caminhão basculante de 14 m³ | Insumo principal: Caminhão basculante com capacidade de 14 m³ - 210 kW
B38: 5501932 | C38: Escavação, carga e transporte de material de 1ª categoria - DMT de 1.000 a 1.200 m - caminho de serviço pavimentado - com carregadeira e caminhão basculante de 14 m³ | D38: =VLOOKUP(B38,CORRESPONDENCIA!$C$4:$F$2105,2,0) -> 2.6.3 | E38: E9667 | F38: Caminhão basculante com capacidade de 14 m³ - 210 kW | G38: =G37 -> 2Q 66 10 02 00 00 00 | H38: =H37 -> 2Q | I38: =I37 -> 66 | J38: =J37 -> 10 | K38: =K37 -> 02 | L38: =L37 -> 00 | M38: =M37 -> 00 | N38: =N37 -> 00 | O38: =C38 & " | Insumo principal: " & F38 -> Escavação, carga e transporte de material de 1ª categoria - DMT de 1.000 a 1.200 m - caminho de serviço pavimentado - com carregadeira e caminhão basculante de 14 m³ | Insumo principal: Caminhão basculante com capacidade de 14 m³ - 210 kW
B39: 5501881 | C39: Escavação, carga e transporte de material de 1ª categoria - DMT de 1.200 a 1.400 m - caminho de serviço em leito natural - com carregadeira e caminhão basculante de 14 m³ | D39: =VLOOKUP(B39,CORRESPONDENCIA!$C$4:$F$2105,2,0) -> 2.6.3 | E39: E9667 | F39: Caminhão basculante com capacidade de 14 m³ - 210 kW | G39: =G38 -> 2Q 66 10 02 00 00 00 | H39: =H38 -> 2Q | I39: =I38 -> 66 | J39: =J38 -> 10 | K39: =K38 -> 02 | L39: =L38 -> 00 | M39: =M38 -> 00 | N39: =N38 -> 00 | O39: =C39 & " | Insumo principal: " & F39 -> Escavação, carga e transporte de material de 1ª categoria - DMT de 1.200 a 1.400 m - caminho de serviço em leito natural - com carregadeira e caminhão basculante de 14 m³ | Insumo principal: Caminhão basculante com capacidade de 14 m³ - 210 kW
B40: 5501907 | C40: Escavação, carga e transporte de material de 1ª categoria - DMT de 1.200 a 1.400 m - caminho de serviço em revestimento primário - com carregadeira e caminhão basculante de 14 m³ | D40: =VLOOKUP(B40,CORRESPONDENCIA!$C$4:$F$2105,2,0) -> 2.6.3 | E40: E9667 | F40: Caminhão basculante com capacidade de 14 m³ - 210 kW | G40: =G39 -> 2Q 66 10 02 00 00 00 | H40: =H39 -> 2Q | I40: =I39 -> 66 | J40: =J39 -> 10 | K40: =K39 -> 02 | L40: =L39 -> 00 | M40: =M39 -> 00 | N40: =N39 -> 00 | O40: =C40 & " | Insumo principal: " & F40 -> Escavação, carga e transporte de material de 1ª categoria - DMT de 1.200 a 1.400 m - caminho de serviço em revestimento primário - com carregadeira e caminhão basculante de 14 m³ | Insumo principal: Caminhão basculante com capacidade de 14 m³ - 210 kW
B41: 5501933 | C41: Escavação, carga e transporte de material de 1ª categoria - DMT de 1.200 a 1.400 m - caminho de serviço pavimentado - com carregadeira e caminhão basculante de 14 m³ | D41: =VLOOKUP(B41,CORRESPONDENCIA!$C$4:$F$2105,2,0) -> 2.6.3 | E41: E9667 | F41: Caminhão basculante com capacidade de 14 m³ - 210 kW | G41: =G40 -> 2Q 66 10 02 00 00 00 | H41: =H40 -> 2Q | I41: =I40 -> 66 | J41: =J40 -> 10 | K41: =K40 -> 02 | L41: =L40 -> 00 | M41: =M40 -> 00 | N41: =N40 -> 00 | O41: =C41 & " | Insumo principal: " & F41 -> Escavação, carga e transporte de material de 1ª categoria - DMT de 1.200 a 1.400 m - caminho de serviço pavimentado - com carregadeira e caminhão basculante de 14 m³ | Insumo principal: Caminhão basculante com capacidade de 14 m³ - 210 kW
B42: 5501882 | C42: Escavação, carga e transporte de material de 1ª categoria - DMT de 1.400 a 1.600 m - caminho de serviço em leito natural - com carregadeira e caminhão basculante de 14 m³ | D42: =VLOOKUP(B42,CORRESPONDENCIA!$C$4:$F$2105,2,0) -> 2.6.3 | E42: E9667 | F42: Caminhão basculante com capacidade de 14 m³ - 210 kW | G42: =G41 -> 2Q 66 10 02 00 00 00 | H42: =H41 -> 2Q | I42: =I41 -> 66 | J42: =J41 -> 10 | K42: =K41 -> 02 | L42: =L41 -> 00 | M42: =M41 -> 00 | N42: =N41 -> 00 | O42: =C42 & " | Insumo principal: " & F42 -> Escavação, carga e transporte de material de 1ª categoria - DMT de 1.400 a 1.600 m - caminho de serviço em leito natural - com carregadeira e caminhão basculante de 14 m³ | Insumo principal: Caminhão basculante com capacidade de 14 m³ - 210 kW
B43: 5501908 | C43: Escavação, carga e transporte de material de 1ª categoria - DMT de 1.400 a 1.600 m - caminho de serviço em revestimento primário - com carregadeira e caminhão basculante de 14 m³ | D43: =VLOOKUP(B43,CORRESPONDENCIA!$C$4:$F$2105,2,0) -> 2.6.3 | E43: E9667 | F43: Caminhão basculante com capacidade de 14 m³ - 210 kW | G43: =G42 -> 2Q 66 10 02 00 00 00 | H43: =H42 -> 2Q | I43: =I42 -> 66 | J43: =J42 -> 10 | K43: =K42 -> 02 | L43: =L42 -> 00 | M43: =M42 -> 00 | N43: =N42 -> 00 | O43: =C43 & " | Insumo principal: " & F43 -> Escavação, carga e transporte de material de 1ª categoria - DMT de 1.400 a 1.600 m - caminho de serviço em revestimento primário - com carregadeira e caminhão basculante de 14 m³ | Insumo principal: Caminhão basculante com capacidade de 14 m³ - 210 kW
B44: 5501934 | C44: Escavação, carga e transporte de material de 1ª categoria - DMT de 1.400 a 1.600 m - caminho de serviço pavimentado - com carregadeira e caminhão basculante de 14 m³ | D44: =VLOOKUP(B44,CORRESPONDENCIA!$C$4:$F$2105,2,0) -> 2.6.3 | E44: E9667 | F44: Caminhão basculante com capacidade de 14 m³ - 210 kW | G44: =G43 -> 2Q 66 10 02 00 00 00 | H44: =H43 -> 2Q | I44: =I43 -> 66 | J44: =J43 -> 10 | K44: =K43 -> 02 | L44: =L43 -> 00 | M44: =M43 -> 00 | N44: =N43 -> 00 | O44: =C44 & " | Insumo principal: " & F44 -> Escavação, carga e transporte de material de 1ª categoria - DMT de 1.400 a 1.600 m - caminho de serviço pavimentado - com carregadeira e caminhão basculante de 14 m³ | Insumo principal: Caminhão basculante com capacidade de 14 m³ - 210 kW
B45: 5501883 | C45: Escavação, carga e transporte de material de 1ª categoria - DMT de 1.600 a 1.800 m - caminho de serviço em leito natural - com carregadeira e caminhão basculante de 14 m³ | D45: =VLOOKUP(B45,CORRESPONDENCIA!$C$4:$F$2105,2,0) -> 2.6.3 | E45: E9667 | F45: Caminhão basculante com capacidade de 14 m³ - 210 kW | G45: =G44 -> 2Q 66 10 02 00 00 00 | H45: =H44 -> 2Q | I45: =I44 -> 66 | J45: =J44 -> 10 | K45: =K44 -> 02 | L45: =L44 -> 00 | M45: =M44 -> 00 | N45: =N44 -> 00 | O45: =C45 & " | Insumo principal: " & F45 -> Escavação, carga e transporte de material de 1ª categoria - DMT de 1.600 a 1.800 m - caminho de serviço em leito natural - com carregadeira e caminhão basculante de 14 m³ | Insumo principal: Caminhão basculante com capacidade de 14 m³ - 210 kW
B46: 5501909 | C46: Escavação, carga e transporte de material de 1ª categoria - DMT de 1.600 a 1.800 m - caminho de serviço em revestimento primário - com carregadeira e caminhão basculante de 14 m³ | D46: =VLOOKUP(B46,CORRESPONDENCIA!$C$4:$F$2105,2,0) -> 2.6.3 | E46: E9667 | F46: Caminhão basculante com capacidade de 14 m³ - 210 kW | G46: =G45 -> 2Q 66 10 02 00 00 00 | H46: =H45 -> 2Q | I46: =I45 -> 66 | J46: =J45 -> 10 | K46: =K45 -> 02 | L46: =L45 -> 00 | M46: =M45 -> 00 | N46: =N45 -> 00 | O46: =C46 & " | Insumo principal: " & F46 -> Escavação, carga e transporte de material de 1ª categoria - DMT de 1.600 a 1.800 m - caminho de serviço em revestimento primário - com carregadeira e caminhão basculante de 14 m³ | Insumo principal: Caminhão basculante com capacidade de 14 m³ - 210 kW
B47: 5501935 | C47: Escavação, carga e transporte de material de 1ª categoria - DMT de 1.600 a 1.800 m - caminho de serviço pavimentado - com carregadeira e caminhão basculante de 14 m³ | D47: =VLOOKUP(B47,CORRESPONDENCIA!$C$4:$F$2105,2,0) -> 2.6.3 | E47: E9667 | F47: Caminhão basculante com capacidade de 14 m³ - 210 kW | G47: =G46 -> 2Q 66 10 02 00 00 00 | H47: =H46 -> 2Q | I47: =I46 -> 66 | J47: =J46 -> 10 | K47: =K46 -> 02 | L47: =L46 -> 00 | M47: =M46 -> 00 | N47: =N46 -> 00 | O47: =C47 & " | Insumo principal: " & F47 -> Escavação, carga e transporte de material de 1ª categoria - DMT de 1.600 a 1.800 m - caminho de serviço pavimentado - com carregadeira e caminhão basculante de 14 m³ | Insumo principal: Caminhão basculante com capacidade de 14 m³ - 210 kW
B48: 5501884 | C48: Escavação, carga e transporte de material de 1ª categoria - DMT de 1.800 a 2.000 m - caminho de serviço em leito natural - com carregadeira e caminhão basculante de 14 m³ | D48: =VLOOKUP(B48,CORRESPONDENCIA!$C$4:$F$2105,2,0) -> 2.6.3 | E48: E9667 | F48: Caminhão basculante com capacidade de 14 m³ - 210 kW | G48: =G47 -> 2Q 66 10 02 00 00 00 | H48: =H47 -> 2Q | I48: =I47 -> 66 | J48: =J47 -> 10 | K48: =K47 -> 02 | L48: =L47 -> 00 | M48: =M47 -> 00 | N48: =N47 -> 00 | O48: =C48 & " | Insumo principal: " & F48 -> Escavação, carga e transporte de material de 1ª categoria - DMT de 1.800 a 2.000 m - caminho de serviço em leito natural - com carregadeira e caminhão basculante de 14 m³ | Insumo principal: Caminhão basculante com capacidade de 14 m³ - 210 kW
B49: 5501910 | C49: Escavação, carga e transporte de material de 1ª categoria - DMT de 1.800 a 2.000 m - caminho de serviço em revestimento primário - com carregadeira e caminhão basculante de 14 m³ | D49: =VLOOKUP(B49,CORRESPONDENCIA!$C$4:$F$2105,2,0) -> 2.6.3 | E49: E9667 | F49: Caminhão basculante com capacidade de 14 m³ - 210 kW | G49: =G48 -> 2Q 66 10 02 00 00 00 | H49: =H48 -> 2Q | I49: =I48 -> 66 | J49: =J48 -> 10 | K49: =K48 -> 02 | L49: =L48 -> 00 | M49: =M48 -> 00 | N49: =N48 -> 00 | O49: =C49 & " | Insumo principal: " & F49 -> Escavação, carga e transporte de material de 1ª categoria - DMT de 1.800 a 2.000 m - caminho de serviço em revestimento primário - com carregadeira e caminhão basculante de 14 m³ | Insumo principal: Caminhão basculante com capacidade de 14 m³ - 210 kW
B50: 5501936 | C50: Escavação, carga e transporte de material de 1ª categoria - DMT de 1.800 a 2.000 m - caminho de serviço pavimentado - com carregadeira e caminhão basculante de 14 m³ | D50: =VLOOKUP(B50,CORRESPONDENCIA!$C$4:$F$2105,2,0) -> 2.6.3 | E50: E9667 | F50: Caminhão basculante com capacidade de 14 m³ - 210 kW | G50: =G49 -> 2Q 66 10 02 00 00 00 | H50: =H49 -> 2Q | I50: =I49 -> 66 | J50: =J49 -> 10 | K50: =K49 -> 02 | L50: =L49 -> 00 | M50: =M49 -> 00 | N50: =N49 -> 00 | O50: =C50 & " | Insumo principal: " & F50 -> Escavação, carga e transporte de material de 1ª categoria - DMT de 1.800 a 2.000 m - caminho de serviço pavimentado - com carregadeira e caminhão basculante de 14 m³ | Insumo principal: Caminhão basculante com capacidade de 14 m³ - 210 kW
B51: 5501885 | C51: Escavação, carga e transporte de material de 1ª categoria - DMT de 2.000 a 2.500 m - caminho de serviço em leito natural - com carregadeira e caminhão basculante de 14 m³ | D51: =VLOOKUP(B51,CORRESPONDENCIA!$C$4:$F$2105,2,0) -> 2.6.3 | E51: E9667 | F51: Caminhão basculante com capacidade de 14 m³ - 210 kW | G51: =G50 -> 2Q 66 10 02 00 00 00 | H51: =H50 -> 2Q | I51: =I50 -> 66 | J51: =J50 -> 10 | K51: =K50 -> 02 | L51: =L50 -> 00 | M51: =M50 -> 00 | N51: =N50 -> 00 | O51: =C51 & " | Insumo principal: " & F51 -> Escavação, carga e transporte de material de 1ª categoria - DMT de 2.000 a 2.500 m - caminho de serviço em leito natural - com carregadeira e caminhão basculante de 14 m³ | Insumo principal: Caminhão basculante com capacidade de 14 m³ - 210 kW
... B63: 5501875 | C63: Escavação, carga e transporte de material de 1ª categoria - DMT de 50 a 200 m - caminho de serviço em leito natural - com carregadeira e caminhão basculante de 14 m³ | D63: =VLOOKUP(B63,CORRESPONDENCIA!$C$4:$F$2105,2,0) -> 2.6.3 | E63: E9667 | F63: Caminhão basculante com capacidade de 14 m³ - 210 kW | G63: =G62 -> 2Q 66 10 02 00 00 00 | H63: =H62 -> 2Q | I63: =I62 -> 66 | J63: =J62 -> 10 | K63: =K62 -> 02 | L63: =L62 -> 00 | M63: =M62 -> 00 | N63: =N62 -> 00 | O63: =C63 & " | Insumo principal: " & F63 -> Escavação, carga e transporte de material de 1ª categoria - DMT de 50 a 200 m - caminho de serviço em leito natural - com carregadeira e caminhão basculante de 14 m³ | Insumo principal: Caminhão basculante com capacidade de 14 m³ - 210 kW
B64: 5501901 | C64: Escavação, carga e transporte de material de 1ª categoria - DMT de 50 a 200 m - caminho de serviço em revestimento primário - com carregadeira e caminhão basculante de 14 m³ | D64: =VLOOKUP(B64,CORRESPONDENCIA!$C$4:$F$2105,2,0) -> 2.6.3 | E64: E9541 | F64: Trator sobre esteiras com lâmina - 259 kW | G64: ='insumos terrapl'!D3 -> 2Q 62 30 02 14 00 00 | H64: ='insumos terrapl'!E3 -> 2Q | I64: ='insumos terrapl'!F3 -> 62 | J64: ='insumos terrapl'!G3 -> 30 | K64: ='insumos terrapl'!H3 -> 02 | L64: ='insumos terrapl'!I3 -> 14 | M64: ='insumos terrapl'!J3 -> 00 | N64: ='insumos terrapl'!K3 -> 00 | O64: =C64 & " | Insumo principal: " & F64 -> Escavação, carga e transporte de material de 1ª categoria - DMT de 50 a 200 m - caminho de serviço em revestimento primário - com carregadeira e caminhão basculante de 14 m³ | Insumo principal: Trator sobre esteiras com lâmina - 259 kW
B65: 5501927 | C65: Escavação, carga e transporte de material de 1ª categoria - DMT de 50 a 200 m - caminho de serviço pavimentado - com carregadeira e caminhão basculante de 14 m³ | D65: =VLOOKUP(B65,CORRESPONDENCIA!$C$4:$F$2105,2,0) -> 2.6.3 | E65: E9667 | F65: Caminhão basculante com capacidade de 14 m³ - 210 kW | G65: =G63 -> 2Q 66 10 02 00 00 00 | H65: =H63 -> 2Q | I65: =I63 -> 66 | J65: =J63 -> 10 | K65: =K63 -> 02 | L65: =L63 -> 00 | M65: =M63 -> 00 | N65: =N63 -> 00 | O65: =C65 & " | Insumo principal: " & F65 -> Escavação, carga e transporte de material de 1ª categoria - DMT de 50 a 200 m - caminho de serviço pavimentado - com carregadeira e caminhão basculante de 14 m³ | Insumo principal: Caminhão basculante com capacidade de 14 m³ - 210 kW
B66: 5501878 | C66: Escavação, carga e transporte de material de 1ª categoria - DMT de 600 a 800 m - caminho de serviço em leito natural - com carregadeira e caminhão basculante de 14 m³ | D66: =VLOOKUP(B66,CORRESPONDENCIA!$C$4:$F$2105,2,0) -> 2.6.3 | E66: E9667 | F66: Caminhão basculante com capacidade de 14 m³ - 210 kW | G66: =G65 -> 2Q 66 10 02 00 00 00 | H66: =H65 -> 2Q | I66: =I65 -> 66 | J66: =J65 -> 10 | K66: =K65 -> 02 | L66: =L65 -> 00 | M66: =M65 -> 00 | N66: =N65 -> 00 | O66: =C66 & " | Insumo principal: " & F66 -> Escavação, carga e transporte de material de 1ª categoria - DMT de 600 a 800 m - caminho de serviço em leito natural - com carregadeira e caminhão basculante de 14 m³ | Insumo principal: Caminhão basculante com capacidade de 14 m³ - 210 kW
B67: 5501904 | C67: Escavação, carga e transporte de material de 1ª categoria - DMT de 600 a 800 m - caminho de serviço em revestimento primário - com carregadeira e caminhão basculante de 14 m³ | D67: =VLOOKUP(B67,CORRESPONDENCIA!$C$4:$F$2105,2,0) -> 2.6.3 | E67: E9667 | F67: Caminhão basculante com capacidade de 14 m³ - 210 kW | G67: =G66 -> 2Q 66 10 02 00 00 00 | H67: =H66 -> 2Q | I67: =I66 -> 66 | J67: =J66 -> 10 | K67: =K66 -> 02 | L67: =L66 -> 00 | M67: =M66 -> 00 | N67: =N66 -> 00 | O67: =C67 & " | Insumo principal: " & F67 -> Escavação, carga e transporte de material de 1ª categoria - DMT de 600 a 800 m - caminho de serviço em revestimento primário - com carregadeira e caminhão basculante de 14 m³ | Insumo principal: Caminhão basculante com capacidade de 14 m³ - 210 kW
B68: 5501930 | C68: Escavação, carga e transporte de material de 1ª categoria - DMT de 600 a 800 m - caminho de serviço pavimentado - com carregadeira e caminhão basculante de 14 m³ | D68: =VLOOKUP(B68,CORRESPONDENCIA!$C$4:$F$2105,2,0) -> 2.6.3 | E68: E9667 | F68: Caminhão basculante com capacidade de 14 m³ - 210 kW | G68: =G67 -> 2Q 66 10 02 00 00 00 | H68: =H67 -> 2Q | I68: =I67 -> 66 | J68: =J67 -> 10 | K68: =K67 -> 02 | L68: =L67 -> 00 | M68: =M67 -> 00 | N68: =N67 -> 00 | O68: =C68 & " | Insumo principal: " & F68 -> Escavação, carga e transporte de material de 1ª categoria - DMT de 600 a 800 m - caminho de serviço pavimentado - com carregadeira e caminhão basculante de 14 m³ | Insumo principal: Caminhão basculante com capacidade de 14 m³ - 210 kW
B69: 5501879 | C69: Escavação, carga e transporte de material de 1ª categoria - DMT de 800 a 1.000 m - caminho de serviço em leito natural - com carregadeira e caminhão basculante de 14 m³ | D69: =VLOOKUP(B69,CORRESPONDENCIA!$C$4:$F$2105,2,0) -> 2.6.3 | E69: E9667 | F69: Caminhão basculante com capacidade de 14 m³ - 210 kW | G69: =G68 -> 2Q 66 10 02 00 00 00 | H69: =H68 -> 2Q | I69: =I68 -> 66 | J69: =J68 -> 10 | K69: =K68 -> 02 | L69: =L68 -> 00 | M69: =M68 -> 00 | N69: =N68 -> 00 | O69: =C69 & " | Insumo principal: " & F69 -> Escavação, carga e transporte de material de 1ª categoria - DMT de 800 a 1.000 m - caminho de serviço em leito natural - com carregadeira e caminhão basculante de 14 m³ | Insumo principal: Caminhão basculante com capacidade de 14 m³ - 210 kW
B70: 5501905 | C70: Escavação, carga e transporte de material de 1ª categoria - DMT de 800 a 1.000 m - caminho de serviço em revestimento primário - com carregadeira e caminhão basculante de 14 m³ | D70: =VLOOKUP(B70,CORRESPONDENCIA!$C$4:$F$2105,2,0) -> 2.6.3 | E70: E9667 | F70: Caminhão basculante com capacidade de 14 m³ - 210 kW | G70: =G69 -> 2Q 66 10 02 00 00 00 | H70: =H69 -> 2Q | I70: =I69 -> 66 | J70: =J69 -> 10 | K70: =K69 -> 02 | L70: =L69 -> 00 | M70: =M69 -> 00 | N70: =N69 -> 00 | O70: =C70 & " | Insumo principal: " & F70 -> Escavação, carga e transporte de material de 1ª categoria - DMT de 800 a 1.000 m - caminho de serviço em revestimento primário - com carregadeira e caminhão basculante de 14 m³ | Insumo principal: Caminhão basculante com capacidade de 14 m³ - 210 kW
B71: 5501931 | C71: Escavação, carga e transporte de material de 1ª categoria - DMT de 800 a 1.000 m - caminho de serviço pavimentado - com carregadeira e caminhão basculante de 14 m³ | D71: =VLOOKUP(B71,CORRESPONDENCIA!$C$4:$F$2105,2,0) -> 2.6.3 | E71: E9667 | F71: Caminhão basculante com capacidade de 14 m³ - 210 kW | G71: =G70 -> 2Q 66 10 02 00 00 00 | H71: =H70 -> 2Q | I71: =I70 -> 66 | J71: =J70 -> 10 | K71: =K70 -> 02 | L71: =L70 -> 00 | M71: =M70 -> 00 | N71: =N70 -> 00 | O71: =C71 & " | Insumo principal: " & F71 -> Escavação, carga e transporte de material de 1ª categoria - DMT de 800 a 1.000 m - caminho de serviço pavimentado - com carregadeira e caminhão basculante de 14 m³ | Insumo principal: Caminhão basculante com capacidade de 14 m³ - 210 kW
B72: 5502825 | C72: Escavação, carga e transporte de material de 1ª categoria na distância de 3.000 m - caminho de serviço em leito natural - com carregadeira e caminhão basculante de 14 m³ | D72: =VLOOKUP(B72,CORRESPONDENCIA!$C$4:$F$2105,2,0) -> 2.6.3 | E72: E9667 | F72: Caminhão basculante com capacidade de 14 m³ - 210 kW | G72: =G71 -> 2Q 66 10 02 00 00 00 | H72: =H71 -> 2Q | I72: =I71 -> 66 | J72: =J71 -> 10 | K72: =K71 -> 02 | L72: =L71 -> 00 | M72: =M71 -> 00 | N72: =N71 -> 00 | O72: =C72 & " | Insumo principal: " & F72 -> Escavação, carga e transporte de material de 1ª categoria na distância de 3.000 m - caminho de serviço em leito natural - com carregadeira e caminhão basculante de 14 m³ | Insumo principal: Caminhão basculante com capacidade de 14 m³ - 210 kW
B73: 5502826 | C73: Escavação, carga e transporte de material de 1ª categoria na distância de 3.000 m - caminho de serviço em revestimento primário - com carregadeira e caminhão basculante de 14 m³ | D73: =VLOOKUP(B73,CORRESPONDENCIA!$C$4:$F$2105,2,0) -> 2.6.3 | E73: E9667 | F73: Caminhão basculante com capacidade de 14 m³ - 210 kW | G73: =G72 -> 2Q 66 10 02 00 00 00 | H73: =H72 -> 2Q | I73: =I72 -> 66 | J73: =J72 -> 10 | K73: =K72 -> 02 | L73: =L72 -> 00 | M73: =M72 -> 00 | N73: =N72 -> 00 | O73: =C73 & " | Insumo principal: " & F73 -> Escavação, carga e transporte de material de 1ª categoria na distância de 3.000 m - caminho de serviço em revestimento primário - com carregadeira e caminhão basculante de 14 m³ | Insumo principal: Caminhão basculante com capacidade de 14 m³ - 210 kW
B74: 5502827 | C74: Escavação, carga e transporte de material de 1ª categoria na distância de 3.000 m - caminho de serviço pavimentado - com carregadeira e caminhão basculante de 14 m³ | D74: =VLOOKUP(B74,CORRESPONDENCIA!$C$4:$F$2105,2,0) -> 2.6.3 | E74: E9667 | F74: Caminhão basculante com capacidade de 14 m³ - 210 kW | G74: =G73 -> 2Q 66 10 02 00 00 00 | H74: =H73 -> 2Q | I74: =I73 -> 66 | J74: =J73 -> 10 | K74: =K73 -> 02 | L74: =L73 -> 00 | M74: =M73 -> 00 | N74: =N73 -> 00 | O74: =C74 & " | Insumo principal: " & F74 -> Escavação, carga e transporte de material de 1ª categoria na distância de 3.000 m - caminho de serviço pavimentado - com carregadeira e caminhão basculante de 14 m³ | Insumo principal: Caminhão basculante com capacidade de 14 m³ - 210 kW
B75: 5502187 | C75: Escavação e transporte de material de 2ªcategoriacomtratordeesteiras-DMTdeaté50m | D75: =VLOOKUP(B75,CORRESPONDENCIA!$C$4:$F$2105,2,0) -> 2.6.4 | E75: E9541 | F75: Trator sobre esteiras com lâmina - 259 kW | G75: ='insumos terrapl'!D3 -> 2Q 62 30 02 14 00 00 | H75: ='insumos terrapl'!E3 -> 2Q | I75: ='insumos terrapl'!F3 -> 62 | J75: ='insumos terrapl'!G3 -> 30 | K75: ='insumos terrapl'!H3 -> 02 | L75: ='insumos terrapl'!I3 -> 14 | M75: ='insumos terrapl'!J3 -> 00 | N75: ='insumos terrapl'!K3 -> 00 | O75: =C75 & " | Insumo principal: " & F75 -> Escavação e transporte de material de 2ªcategoriacomtratordeesteiras-DMTdeaté50m | Insumo principal: Trator sobre esteiras com lâmina - 259 kW
B76: 5502356 | C76: Escavação, carga e transporte de material de 2ª categoria - DMT de 1.000 a 1.200 m - caminho de serviço em leito natural - com carregadeira e caminhão basculante de 14 m³ | D76: =VLOOKUP(B76,CORRESPONDENCIA!$C$4:$F$2105,2,0) -> 2.6.5 | E76: E9667 | F76: Caminhão basculante com capacidade de 14 m³ - 210 kW | G76: =G74 -> 2Q 66 10 02 00 00 00 | H76: =H74 -> 2Q | I76: =I74 -> 66 | J76: =J74 -> 10 | K76: =K74 -> 02 | L76: =L74 -> 00 | M76: =M74 -> 00 | N76: =N74 -> 00 | O76: =C76 & " | Insumo principal: " & F76 -> Escavação, carga e transporte de material de 2ª categoria - DMT de 1.000 a 1.200 m - caminho de serviço em leito natural - com carregadeira e caminhão basculante de 14 m³ | Insumo principal: Caminhão basculante com capacidade de 14 m³ - 210 kW
B77: 5502382 | C77: Escavação, carga e transporte de material de 2ª categoria - DMT de 1.000 a 1.200 m - caminho de serviço em revestimento primário - com carregadeira e caminhão basculante de 14 m³ | D77: =VLOOKUP(B77,CORRESPONDENCIA!$C$4:$F$2105,2,0) -> 2.6.5 | E77: E9667 | F77: Caminhão basculante com capacidade de 14 m³ - 210 kW | G77: =G76 -> 2Q 66 10 02 00 00 00 | H77: =H76 -> 2Q | I77: =I76 -> 66 | J77: =J76 -> 10 | K77: =K76 -> 02 | L77: =L76 -> 00 | M77: =M76 -> 00 | N77: =N76 -> 00 | O77: =C77 & " | Insumo principal: " & F77 -> Escavação, carga e transporte de material de 2ª categoria - DMT de 1.000 a 1.200 m - caminho de serviço em revestimento primário - com carregadeira e caminhão basculante de 14 m³ | Insumo principal: Caminhão basculante com capacidade de 14 m³ - 210 kW
B78: 5502408 | C78: Escavação, carga e transporte de material de 2ª categoria - DMT de 1.000 a 1.200 m - caminho de serviço pavimentado - com carregadeira e caminhão basculante de 14 m³ | D78: =VLOOKUP(B78,CORRESPONDENCIA!$C$4:$F$2105,2,0) -> 2.6.5 | E78: E9667 | F78: Caminhão basculante com capacidade de 14 m³ - 210 kW | G78: =G77 -> 2Q 66 10 02 00 00 00 | H78: =H77 -> 2Q | I78: =I77 -> 66 | J78: =J77 -> 10 | K78: =K77 -> 02 | L78: =L77 -> 00 | M78: =M77 -> 00 | N78: =N77 -> 00 | O78: =C78 & " | Insumo principal: " & F78 -> Escavação, carga e transporte de material de 2ª categoria - DMT de 1.000 a 1.200 m - caminho de serviço pavimentado - com carregadeira e caminhão basculante de 14 m³ | Insumo principal: Caminhão basculante com capacidade de 14 m³ - 210 kW
B79: 5502357 | C79: Escavação, carga e transporte de material de 2ª categoria - DMT de 1.200 a 1.400 m - caminho de serviço em leito natural - com carregadeira e caminhão basculante de 14 m³ | D79: =VLOOKUP(B79,CORRESPONDENCIA!$C$4:$F$2105,2,0) -> 2.6.5 | E79: E9667 | F79: Caminhão basculante com capacidade de 14 m³ - 210 kW | G79: =G78 -> 2Q 66 10 02 00 00 00 | H79: =H78 -> 2Q | I79: =I78 -> 66 | J79: =J78 -> 10 | K79: =K78 -> 02 | L79: =L78 -> 00 | M79: =M78 -> 00 | N79: =N78 -> 00 | O79: =C79 & " | Insumo principal: " & F79 -> Escavação, carga e transporte de material de 2ª categoria - DMT de 1.200 a 1.400 m - caminho de serviço em leito natural - com carregadeira e caminhão basculante de 14 m³ | Insumo principal: Caminhão basculante com capacidade de 14 m³ - 210 kW
B80: 5502383 | C80: Escavação, carga e transporte de material de 2ª categoria - DMT de 1.200 a 1.400 m - caminho de serviço em revestimento primário - com carregadeira e caminhão basculante de 14 m³ | D80: =VLOOKUP(B80,CORRESPONDENCIA!$C$4:$F$2105,2,0) -> 2.6.5 | E80: E9667 | F80: Caminhão basculante com capacidade de 14 m³ - 210 kW | G80: =G79 -> 2Q 66 10 02 00 00 00 | H80: =H79 -> 2Q | I80: =I79 -> 66 | J80: =J79 -> 10 | K80: =K79 -> 02 | L80: =L79 -> 00 | M80: =M79 -> 00 | N80: =N79 -> 00 | O80: =C80 & " | Insumo principal: " & F80 -> Escavação, carga e transporte de material de 2ª categoria - DMT de 1.200 a 1.400 m - caminho de serviço em revestimento primário - com carregadeira e caminhão basculante de 14 m³ | Insumo principal: Caminhão basculante com capacidade de 14 m³ - 210 kW
B81: 5502409 | C81: Escavação, carga e transporte de material de 2ª categoria - DMT de 1.200 a 1.400 m - caminho de serviço pavimentado - com carregadeira e caminhão basculante de 14 m³ | D81: =VLOOKUP(B81,CORRESPONDENCIA!$C$4:$F$2105,2,0) -> 2.6.5 | E81: E9667 | F81: Caminhão basculante com capacidade de 14 m³ - 210 kW | G81: =G80 -> 2Q 66 10 02 00 00 00 | H81: =H80 -> 2Q | I81: =I80 -> 66 | J81: =J80 -> 10 | K81: =K80 -> 02 | L81: =L80 -> 00 | M81: =M80 -> 00 | N81: =N80 -> 00 | O81: =C81 & " | Insumo principal: " & F81 -> Escavação, carga e transporte de material de 2ª categoria - DMT de 1.200 a 1.400 m - caminho de serviço pavimentado - com carregadeira e caminhão basculante de 14 m³ | Insumo principal: Caminhão basculante com capacidade de 14 m³ - 210 kW
B82: 5502358 | C82: Escavação, carga e transporte de material de 2ª categoria - DMT de 1.400 a 1.600 m - caminho de serviço em leito natural - com carregadeira e caminhão basculante de 14 m³ | D82: =VLOOKUP(B82,CORRESPONDENCIA!$C$4:$F$2105,2,0) -> 2.6.5 | E82: E9667 | F82: Caminhão basculante com capacidade de 14 m³ - 210 kW | G82: =G81 -> 2Q 66 10 02 00 00 00 | H82: =H81 -> 2Q | I82: =I81 -> 66 | J82: =J81 -> 10 | K82: =K81 -> 02 | L82: =L81 -> 00 | M82: =M81 -> 00 | N82: =N81 -> 00 | O82: =C82 & " | Insumo principal: " & F82 -> Escavação, carga e transporte de material de 2ª categoria - DMT de 1.400 a 1.600 m - caminho de serviço em leito natural - com carregadeira e caminhão basculante de 14 m³ | Insumo principal: Caminhão basculante com capacidade de 14 m³ - 210 kW
B83: 5502384 | C83: Escavação, carga e transporte de material de 2ª categoria - DMT de 1.400 a 1.600 m - caminho de serviço em revestimento primário - com carregadeira e caminhão basculante de 14 m³ | D83: =VLOOKUP(B83,CORRESPONDENCIA!$C$4:$F$2105,2,0) -> 2.6.5 | E83: E9667 | F83: Caminhão basculante com capacidade de 14 m³ - 210 kW | G83: =G82 -> 2Q 66 10 02 00 00 00 | H83: =H82 -> 2Q | I83: =I82 -> 66 | J83: =J82 -> 10 | K83: =K82 -> 02 | L83: =L82 -> 00 | M83: =M82 -> 00 | N83: =N82 -> 00 | O83: =C83 & " | Insumo principal: " & F83 -> Escavação, carga e transporte de material de 2ª categoria - DMT de 1.400 a 1.600 m - caminho de serviço em revestimento primário - com carregadeira e caminhão basculante de 14 m³ | Insumo principal: Caminhão basculante com capacidade de 14 m³ - 210 kW
B84: 5502410 | C84: Escavação, carga e transporte de material de 2ª categoria - DMT de 1.400 a 1.600 m - caminho de serviço pavimentado - com carregadeira e caminhão basculante de 14 m³ | D84: =VLOOKUP(B84,CORRESPONDENCIA!$C$4:$F$2105,2,0) -> 2.6.5 | E84: E9667 | F84: Caminhão basculante com capacidade de 14 m³ - 210 kW | G84: =G83 -> 2Q 66 10 02 00 00 00 | H84: =H83 -> 2Q | I84: =I83 -> 66 | J84: =J83 -> 10 | K84: =K83 -> 02 | L84: =L83 -> 00 | M84: =M83 -> 00 | N84: =N83 -> 00 | O84: =C84 & " | Insumo principal: " & F84 -> Escavação, carga e transporte de material de 2ª categoria - DMT de 1.400 a 1.600 m - caminho de serviço pavimentado - com carregadeira e caminhão basculante de 14 m³ | Insumo principal: Caminhão basculante com capacidade de 14 m³ - 210 kW
B85: 5502359 | C85: Escavação, carga e transporte de material de 2ª categoria - DMT de 1.600 a 1.800 m - caminho de serviço em leito natural - com carregadeira e caminhão basculante de 14 m³ | D85: =VLOOKUP(B85,CORRESPONDENCIA!$C$4:$F$2105,2,0) -> 2.6.5 | E85: E9667 | F85: Caminhão basculante com capacidade de 14 m³ - 210 kW | G85: =G84 -> 2Q 66 10 02 00 00 00 | H85: =H84 -> 2Q | I85: =I84 -> 66 | J85: =J84 -> 10 | K85: =K84 -> 02 | L85: =L84 -> 00 | M85: =M84 -> 00 | N85: =N84 -> 00 | O85: =C85 & " | Insumo principal: " & F85 -> Escavação, carga e transporte de material de 2ª categoria - DMT de 1.600 a 1.800 m - caminho de serviço em leito natural - com carregadeira e caminhão basculante de 14 m³ | Insumo principal: Caminhão basculante com capacidade de 14 m³ - 210 kW
B86: 5502385 | C86: Escavação, carga e transporte de material de 2ª categoria - DMT de 1.600 a 1.800 m - caminho de serviço em revestimento primário - com carregadeira e caminhão basculante de 14 m³ | D86: =VLOOKUP(B86,CORRESPONDENCIA!$C$4:$F$2105,2,0) -> 2.6.5 | E86: E9667 | F86: Caminhão basculante com capacidade de 14 m³ - 210 kW | G86: =G85 -> 2Q 66 10 02 00 00 00 | H86: =H85 -> 2Q | I86: =I85 -> 66 | J86: =J85 -> 10 | K86: =K85 -> 02 | L86: =L85 -> 00 | M86: =M85 -> 00 | N86: =N85 -> 00 | O86: =C86 & " | Insumo principal: " & F86 -> Escavação, carga e transporte de material de 2ª categoria - DMT de 1.600 a 1.800 m - caminho de serviço em revestimento primário - com carregadeira e caminhão basculante de 14 m³ | Insumo principal: Caminhão basculante com capacidade de 14 m³ - 210 kW
B87: 5502411 | C87: Escavação, carga e transporte de material de 2ª categoria - DMT de 1.600 a 1.800 m - caminho de serviço pavimentado - com carregadeira e caminhão basculante de 14 m³ | D87: =VLOOKUP(B87,CORRESPONDENCIA!$C$4:$F$2105,2,0) -> 2.6.5 | E87: E9667 | F87: Caminhão basculante com capacidade de 14 m³ - 210 kW | G87: =G86 -> 2Q 66 10 02 00 00 00 | H87: =H86 -> 2Q | I87: =I86 -> 66 | J87: =J86 -> 10 | K87: =K86 -> 02 | L87: =L86 -> 00 | M87: =M86 -> 00 | N87: =N86 -> 00 | O87: =C87 & " | Insumo principal: " & F87 -> Escavação, carga e transporte de material de 2ª categoria - DMT de 1.600 a 1.800 m - caminho de serviço pavimentado - com carregadeira e caminhão basculante de 14 m³ | Insumo principal: Caminhão basculante com capacidade de 14 m³ - 210 kW
B88: 5502360 | C88: Escavação, carga e transporte de material de 2ª categoria - DMT de 1.800 a 2.000 m - caminho de serviço em leito natural - com carregadeira e caminhão basculante de 14 m³ | D88: =VLOOKUP(B88,CORRESPONDENCIA!$C$4:$F$2105,2,0) -> 2.6.5 | E88: E9667 | F88: Caminhão basculante com capacidade de 14 m³ - 210 kW | G88: =G87 -> 2Q 66 10 02 00 00 00 | H88: =H87 -> 2Q | I88: =I87 -> 66 | J88: =J87 -> 10 | K88: =K87 -> 02 | L88: =L87 -> 00 | M88: =M87 -> 00 | N88: =N87 -> 00 | O88: =C88 & " | Insumo principal: " & F88 -> Escavação, carga e transporte de material de 2ª categoria - DMT de 1.800 a 2.000 m - caminho de serviço em leito natural - com carregadeira e caminhão basculante de 14 m³ | Insumo principal: Caminhão basculante com capacidade de 14 m³ - 210 kW
... B97: 5502352 | C97: Escavação, carga e transporte de material de 2ª categoria - DMT de 200 a 400 m - caminho de serviço em leito natural - com carregadeira e caminhão basculante de 14 m³ | D97: =VLOOKUP(B97,CORRESPONDENCIA!$C$4:$F$2105,2,0) -> 2.6.5 | E97: E9667 | F97: Caminhão basculante com capacidade de 14 m³ - 210 kW | G97: =G96 -> 2Q 66 10 02 00 00 00 | H97: =H96 -> 2Q | I97: =I96 -> 66 | J97: =J96 -> 10 | K97: =K96 -> 02 | L97: =L96 -> 00 | M97: =M96 -> 00 | N97: =N96 -> 00 | O97: =C97 & " | Insumo principal: " & F97 -> Escavação, carga e transporte de material de 2ª categoria - DMT de 200 a 400 m - caminho de serviço em leito natural - com carregadeira e caminhão basculante de 14 m³ | Insumo principal: Caminhão basculante com capacidade de 14 m³ - 210 kW
B98: 5502378 | C98: Escavação, carga e transporte de material de 2ª categoria - DMT de 200 a 400 m - caminho de serviço em revestimento primário - com carregadeira e caminhão basculante de 14 m³ | D98: =VLOOKUP(B98,CORRESPONDENCIA!$C$4:$F$2105,2,0) -> 2.6.5 | E98: E9541 | F98: Trator sobre esteiras com lâmina - 259 kW | G98: ='insumos terrapl'!D3 -> 2Q 62 30 02 14 00 00 | H98: ='insumos terrapl'!E3 -> 2Q | I98: ='insumos terrapl'!F3 -> 62 | J98: ='insumos terrapl'!G3 -> 30 | K98: ='insumos terrapl'!H3 -> 02 | L98: ='insumos terrapl'!I3 -> 14 | M98: ='insumos terrapl'!J3 -> 00 | N98: ='insumos terrapl'!K3 -> 00 | O98: =C98 & " | Insumo principal: " & F98 -> Escavação, carga e transporte de material de 2ª categoria - DMT de 200 a 400 m - caminho de serviço em revestimento primário - com carregadeira e caminhão basculante de 14 m³ | Insumo principal: Trator sobre esteiras com lâmina - 259 kW
B99: 5502404 | C99: Escavação, carga e transporte de material de 2ª categoria - DMT de 200 a 400 m - caminho de serviço pavimentado - com carregadeira e caminhão basculante de 14 m³ | D99: =VLOOKUP(B99,CORRESPONDENCIA!$C$4:$F$2105,2,0) -> 2.6.5 | E99: E9541 | F99: Trator sobre esteiras com lâmina - 259 kW | G99: =G98 -> 2Q 62 30 02 14 00 00 | H99: =H98 -> 2Q | I99: =I98 -> 62 | J99: =J98 -> 30 | K99: =K98 -> 02 | L99: =L98 -> 14 | M99: =M98 -> 00 | N99: =N98 -> 00 | O99: =C99 & " | Insumo principal: " & F99 -> Escavação, carga e transporte de material de 2ª categoria - DMT de 200 a 400 m - caminho de serviço pavimentado - com carregadeira e caminhão basculante de 14 m³ | Insumo principal: Trator sobre esteiras com lâmina - 259 kW
B100: 5502353 | C100: Escavação, carga e transporte de material de 2ª categoria - DMT de 400 a 600 m - caminho de serviço em leito natural - com carregadeira e caminhão basculante de 14 m³ | D100: =VLOOKUP(B100,CORRESPONDENCIA!$C$4:$F$2105,2,0) -> 2.6.5 | E100: E9667 | F100: Caminhão basculante com capacidade de 14 m³ - 210 kW | G100: =G96 -> 2Q 66 10 02 00 00 00 | H100: =H96 -> 2Q | I100: =I96 -> 66 | J100: =J96 -> 10 | K100: =K96 -> 02 | L100: =L96 -> 00 | M100: =M96 -> 00 | N100: =N96 -> 00 | O100: =C100 & " | Insumo principal: " & F100 -> Escavação, carga e transporte de material de 2ª categoria - DMT de 400 a 600 m - caminho de serviço em leito natural - com carregadeira e caminhão basculante de 14 m³ | Insumo principal: Caminhão basculante com capacidade de 14 m³ - 210 kW
B101: 5502379 | C101: Escavação, carga e transporte de material de 2ª categoria - DMT de 400 a 600 m - caminho de serviço em revestimento primário - com carregadeira e caminhão basculante de 14 m³ | D101: =VLOOKUP(B101,CORRESPONDENCIA!$C$4:$F$2105,2,0) -> 2.6.5 | E101: E9541 | F101: Trator sobre esteiras com lâmina - 259 kW | G101: =G99 -> 2Q 62 30 02 14 00 00 | H101: =H99 -> 2Q | I101: =I99 -> 62 | J101: =J99 -> 30 | K101: =K99 -> 02 | L101: =L99 -> 14 | M101: =M99 -> 00 | N101: =N99 -> 00 | O101: =C101 & " | Insumo principal: " & F101 -> Escavação, carga e transporte de material de 2ª categoria - DMT de 400 a 600 m - caminho de serviço em revestimento primário - com carregadeira e caminhão basculante de 14 m³ | Insumo principal: Trator sobre esteiras com lâmina - 259 kW
B102: 5502405 | C102: Escavação, carga e transporte de material de 2ª categoria - DMT de 400 a 600 m - caminho de serviço pavimentado - com carregadeira e caminhão basculante de 14 m³ | D102: =VLOOKUP(B102,CORRESPONDENCIA!$C$4:$F$2105,2,0) -> 2.6.5 | E102: E9667 | F102: Caminhão basculante com capacidade de 14 m³ - 210 kW | G102: =G100 -> 2Q 66 10 02 00 00 00 | H102: =H100 -> 2Q | I102: =I100 -> 66 | J102: =J100 -> 10 | K102: =K100 -> 02 | L102: =L100 -> 00 | M102: =M100 -> 00 | N102: =N100 -> 00 | O102: =C102 & " | Insumo principal: " & F102 -> Escavação, carga e transporte de material de 2ª categoria - DMT de 400 a 600 m - caminho de serviço pavimentado - com carregadeira e caminhão basculante de 14 m³ | Insumo principal: Caminhão basculante com capacidade de 14 m³ - 210 kW
B103: 5502351 | C103: Escavação, carga e transporte de material de 2ª categoria - DMT de 50 a 200 m - caminho de serviço em leito natural - com carregadeira e caminhão basculante de 14 m³ | D103: =VLOOKUP(B103,CORRESPONDENCIA!$C$4:$F$2105,2,0) -> 2.6.5 | E103: E9541 | F103: Trator sobre esteiras com lâmina - 259 kW | G103: =G101 -> 2Q 62 30 02 14 00 00 | H103: =H101 -> 2Q | I103: =I101 -> 62 | J103: =J101 -> 30 | K103: =K101 -> 02 | L103: =L101 -> 14 | M103: =M101 -> 00 | N103: =N101 -> 00 | O103: =C103 & " | Insumo principal: " & F103 -> Escavação, carga e transporte de material de 2ª categoria - DMT de 50 a 200 m - caminho de serviço em leito natural - com carregadeira e caminhão basculante de 14 m³ | Insumo principal: Trator sobre esteiras com lâmina - 259 kW
B104: 5502377 | C104: Escavação, carga e transporte de material de 2ª categoria - DMT de 50 a 200 m - caminho de serviço em revestimento primário - com carregadeira e caminhão basculante de 14 m³ | D104: =VLOOKUP(B104,CORRESPONDENCIA!$C$4:$F$2105,2,0) -> 2.6.5 | E104: E9541 | F104: Trator sobre esteiras com lâmina - 259 kW | G104: =G103 -> 2Q 62 30 02 14 00 00 | H104: =H103 -> 2Q | I104: =I103 -> 62 | J104: =J103 -> 30 | K104: =K103 -> 02 | L104: =L103 -> 14 | M104: =M103 -> 00 | N104: =N103 -> 00 | O104: =C104 & " | Insumo principal: " & F104 -> Escavação, carga e transporte de material de 2ª categoria - DMT de 50 a 200 m - caminho de serviço em revestimento primário - com carregadeira e caminhão basculante de 14 m³ | Insumo principal: Trator sobre esteiras com lâmina - 259 kW
B105: 5502403 | C105: Escavação, carga e transporte de material de 2ª categoria - DMT de 50 a 200 m - caminho de serviço pavimentado - com carregadeira e caminhão basculante de 14 m³ | D105: =VLOOKUP(B105,CORRESPONDENCIA!$C$4:$F$2105,2,0) -> 2.6.5 | E105: E9541 | F105: Trator sobre esteiras com lâmina - 259 kW | G105: =G104 -> 2Q 62 30 02 14 00 00 | H105: =H104 -> 2Q | I105: =I104 -> 62 | J105: =J104 -> 30 | K105: =K104 -> 02 | L105: =L104 -> 14 | M105: =M104 -> 00 | N105: =N104 -> 00 | O105: =C105 & " | Insumo principal: " & F105 -> Escavação, carga e transporte de material de 2ª categoria - DMT de 50 a 200 m - caminho de serviço pavimentado - com carregadeira e caminhão basculante de 14 m³ | Insumo principal: Trator sobre esteiras com lâmina - 259 kW
B106: 5502354 | C106: Escavação, carga e transporte de material de 2ª categoria - DMT de 600 a 800 m - caminho de serviço em leito natural - com carregadeira e caminhão basculante de 14 m³ | D106: =VLOOKUP(B106,CORRESPONDENCIA!$C$4:$F$2105,2,0) -> 2.6.5 | E106: E9667 | F106: Caminhão basculante com capacidade de 14 m³ - 210 kW | G106: =G95 -> 2Q 66 10 02 00 00 00 | H106: =H95 -> 2Q | I106: =I95 -> 66 | J106: =J95 -> 10 | K106: =K95 -> 02 | L106: =L95 -> 00 | M106: =M95 -> 00 | N106: =N95 -> 00 | O106: =C106 & " | Insumo principal: " & F106 -> Escavação, carga e transporte de material de 2ª categoria - DMT de 600 a 800 m - caminho de serviço em leito natural - com carregadeira e caminhão basculante de 14 m³ | Insumo principal: Caminhão basculante com capacidade de 14 m³ - 210 kW
B107: 5502380 | C107: Escavação, carga e transporte de material de 2ª categoria - DMT de 600 a 800 m - caminho de serviço em revestimento primário - com carregadeira e caminhão basculante de 14 m³ | D107: =VLOOKUP(B107,CORRESPONDENCIA!$C$4:$F$2105,2,0) -> 2.6.5 | E107: E9667 | F107: Caminhão basculante com capacidade de 14 m³ - 210 kW | G107: =G106 -> 2Q 66 10 02 00 00 00 | H107: =H106 -> 2Q | I107: =I106 -> 66 | J107: =J106 -> 10 | K107: =K106 -> 02 | L107: =L106 -> 00 | M107: =M106 -> 00 | N107: =N106 -> 00 | O107: =C107 & " | Insumo principal: " & F107 -> Escavação, carga e transporte de material de 2ª categoria - DMT de 600 a 800 m - caminho de serviço em revestimento primário - com carregadeira e caminhão basculante de 14 m³ | Insumo principal: Caminhão basculante com capacidade de 14 m³ - 210 kW
B108: 5502406 | C108: Escavação, carga e transporte de material de 2ª categoria - DMT de 600 a 800 m - caminho de serviço pavimentado - com carregadeira e caminhão basculante de 14 m³ | D108: =VLOOKUP(B108,CORRESPONDENCIA!$C$4:$F$2105,2,0) -> 2.6.5 | E108: E9667 | F108: Caminhão basculante com capacidade de 14 m³ - 210 kW | G108: =G107 -> 2Q 66 10 02 00 00 00 | H108: =H107 -> 2Q | I108: =I107 -> 66 | J108: =J107 -> 10 | K108: =K107 -> 02 | L108: =L107 -> 00 | M108: =M107 -> 00 | N108: =N107 -> 00 | O108: =C108 & " | Insumo principal: " & F108 -> Escavação, carga e transporte de material de 2ª categoria - DMT de 600 a 800 m - caminho de serviço pavimentado - com carregadeira e caminhão basculante de 14 m³ | Insumo principal: Caminhão basculante com capacidade de 14 m³ - 210 kW
B109: 5502355 | C109: Escavação, carga e transporte de material de 2ª categoria - DMT de 800 a 1.000 m - caminho de serviço em leito natural - com carregadeira e caminhão basculante de 14 m³ | D109: =VLOOKUP(B109,CORRESPONDENCIA!$C$4:$F$2105,2,0) -> 2.6.5 | E109: E9667 | F109: Caminhão basculante com capacidade de 14 m³ - 210 kW | G109: =G108 -> 2Q 66 10 02 00 00 00 | H109: =H108 -> 2Q | I109: =I108 -> 66 | J109: =J108 -> 10 | K109: =K108 -> 02 | L109: =L108 -> 00 | M109: =M108 -> 00 | N109: =N108 -> 00 | O109: =C109 & " | Insumo principal: " & F109 -> Escavação, carga e transporte de material de 2ª categoria - DMT de 800 a 1.000 m - caminho de serviço em leito natural - com carregadeira e caminhão basculante de 14 m³ | Insumo principal: Caminhão basculante com capacidade de 14 m³ - 210 kW
B110: 5502381 | C110: Escavação, carga e transporte de material de 2ª categoria - DMT de 800 a 1.000 m - caminho de serviço em revestimento primário - com carregadeira e caminhão basculante de 14 m³ | D110: =VLOOKUP(B110,CORRESPONDENCIA!$C$4:$F$2105,2,0) -> 2.6.5 | E110: E9667 | F110: Caminhão basculante com capacidade de 14 m³ - 210 kW | G110: =G109 -> 2Q 66 10 02 00 00 00 | H110: =H109 -> 2Q | I110: =I109 -> 66 | J110: =J109 -> 10 | K110: =K109 -> 02 | L110: =L109 -> 00 | M110: =M109 -> 00 | N110: =N109 -> 00 | O110: =C110 & " | Insumo principal: " & F110 -> Escavação, carga e transporte de material de 2ª categoria - DMT de 800 a 1.000 m - caminho de serviço em revestimento primário - com carregadeira e caminhão basculante de 14 m³ | Insumo principal: Caminhão basculante com capacidade de 14 m³ - 210 kW
B111: 5502407 | C111: Escavação, carga e transporte de material de 2ª categoria - DMT de 800 a 1.000 m - caminho de serviço pavimentado - com carregadeira e caminhão basculante de 14 m³ | D111: =VLOOKUP(B111,CORRESPONDENCIA!$C$4:$F$2105,2,0) -> 2.6.5 | E111: E9667 | F111: Caminhão basculante com capacidade de 14 m³ - 210 kW | G111: =G110 -> 2Q 66 10 02 00 00 00 | H111: =H110 -> 2Q | I111: =I110 -> 66 | J111: =J110 -> 10 | K111: =K110 -> 02 | L111: =L110 -> 00 | M111: =M110 -> 00 | N111: =N110 -> 00 | O111: =C111 & " | Insumo principal: " & F111 -> Escavação, carga e transporte de material de 2ª categoria - DMT de 800 a 1.000 m - caminho de serviço pavimentado - com carregadeira e caminhão basculante de 14 m³ | Insumo principal: Caminhão basculante com capacidade de 14 m³ - 210 kW
B112: 5502857 | C112: Escavação, carga e transporte de material de 2ª categoria na distância de 3.000 m - caminho de serviço em leito natural com carregadeira e caminhão basculante de 14 m³ | D112: =VLOOKUP(B112,CORRESPONDENCIA!$C$4:$F$2105,2,0) -> 2.6.5 | E112: E9667 | F112: Caminhão basculante com capacidade de 14 m³ - 210 kW | G112: =G111 -> 2Q 66 10 02 00 00 00 | H112: =H111 -> 2Q | I112: =I111 -> 66 | J112: =J111 -> 10 | K112: =K111 -> 02 | L112: =L111 -> 00 | M112: =M111 -> 00 | N112: =N111 -> 00 | O112: =C112 & " | Insumo principal: " & F112 -> Escavação, carga e transporte de material de 2ª categoria na distância de 3.000 m - caminho de serviço em leito natural com carregadeira e caminhão basculante de 14 m³ | Insumo principal: Caminhão basculante com capacidade de 14 m³ - 210 kW
B113: 5502859 | C113: Escavação, carga e transporte de material de 2ª categoria na distância de 3.000 m - caminho de serviço pavimentado - com carregadeira e caminhão basculante de 14 m³ | D113: =VLOOKUP(B113,CORRESPONDENCIA!$C$4:$F$2105,2,0) -> 2.6.5 | E113: E9667 | F113: Caminhão basculante com capacidade de 14 m³ - 210 kW | G113: =G112 -> 2Q 66 10 02 00 00 00 | H113: =H112 -> 2Q | I113: =I112 -> 66 | J113: =J112 -> 10 | K113: =K112 -> 02 | L113: =L112 -> 00 | M113: =M112 -> 00 | N113: =N112 -> 00 | O113: =C113 & " | Insumo principal: " & F113 -> Escavação, carga e transporte de material de 2ª categoria na distância de 3.000 m - caminho de serviço pavimentado - com carregadeira e caminhão basculante de 14 m³ | Insumo principal: Caminhão basculante com capacidade de 14 m³ - 210 kW
B114: 5502858 | C114: Escavação, carga e transporte de material de 2ª categoria na distância de 3.000 m -caminho de serviço com revestimento primário com carregadeira e caminhão basculante de 14 m³ | D114: =VLOOKUP(B114,CORRESPONDENCIA!$C$4:$F$2105,2,0) -> 2.6.5 | E114: E9667 | F114: Caminhão basculante com capacidade de 14 m³ - 210 kW | G114: =G113 -> 2Q 66 10 02 00 00 00 | H114: =H113 -> 2Q | I114: =I113 -> 66 | J114: =J113 -> 10 | K114: =K113 -> 02 | L114: =L113 -> 00 | M114: =M113 -> 00 | N114: =N113 -> 00 | O114: =C114 & " | Insumo principal: " & F114 -> Escavação, carga e transporte de material de 2ª categoria na distância de 3.000 m -caminho de serviço com revestimento primário com carregadeira e caminhão basculante de 14 m³ | Insumo principal: Caminhão basculante com capacidade de 14 m³ - 210 kW
B115: 5502114 | C115: Escavação, carga e transporte de material de 1ª categoria - DMT de 1.000 a 1.200 m - caminho de serviço em leito natural - com escavadeira e caminhão basculante de 14 m³ | D115: =VLOOKUP(B115,CORRESPONDENCIA!$C$4:$F$2105,2,0) -> 2.6.6 | E115: E9667 | F115: Caminhão basculante com capacidade de 14 m³ - 210 kW | G115: =G114 -> 2Q 66 10 02 00 00 00 | H115: =H114 -> 2Q | I115: =I114 -> 66 | J115: =J114 -> 10 | K115: =K114 -> 02 | L115: =L114 -> 00 | M115: =M114 -> 00 | N115: =N114 -> 00 | O115: =C115 & " | Insumo principal: " & F115 -> Escavação, carga e transporte de material de 1ª categoria - DMT de 1.000 a 1.200 m - caminho de serviço em leito natural - com escavadeira e caminhão basculante de 14 m³ | Insumo principal: Caminhão basculante com capacidade de 14 m³ - 210 kW
B116: 5502140 | C116: Escavação, carga e transporte de material de 1ª categoria - DMT de 1.000 a 1.200 m - caminho de serviço em revestimento primário - com escavadeira e caminhão basculante de 14 m³ | D116: =VLOOKUP(B116,CORRESPONDENCIA!$C$4:$F$2105,2,0) -> 2.6.6 | E116: E9667 | F116: Caminhão basculante com capacidade de 14 m³ - 210 kW | G116: =G115 -> 2Q 66 10 02 00 00 00 | H116: =H115 -> 2Q | I116: =I115 -> 66 | J116: =J115 -> 10 | K116: =K115 -> 02 | L116: =L115 -> 00 | M116: =M115 -> 00 | N116: =N115 -> 00 | O116: =C116 & " | Insumo principal: " & F116 -> Escavação, carga e transporte de material de 1ª categoria - DMT de 1.000 a 1.200 m - caminho de serviço em revestimento primário - com escavadeira e caminhão basculante de 14 m³ | Insumo principal: Caminhão basculante com capacidade de 14 m³ - 210 kW
B117: 5502166 | C117: Escavação, carga e transporte de material de 1ª categoria - DMT de 1.000 a 1.200 m - caminho de serviço pavimentado - com escavadeira e caminhão basculante de 14 m³ | D117: =VLOOKUP(B117,CORRESPONDENCIA!$C$4:$F$2105,2,0) -> 2.6.6 | E117: E9667 | F117: Caminhão basculante com capacidade de 14 m³ - 210 kW | G117: =G116 -> 2Q 66 10 02 00 00 00 | H117: =H116 -> 2Q | I117: =I116 -> 66 | J117: =J116 -> 10 | K117: =K116 -> 02 | L117: =L116 -> 00 | M117: =M116 -> 00 | N117: =N116 -> 00 | O117: =C117 & " | Insumo principal: " & F117 -> Escavação, carga e transporte de material de 1ª categoria - DMT de 1.000 a 1.200 m - caminho de serviço pavimentado - com escavadeira e caminhão basculante de 14 m³ | Insumo principal: Caminhão basculante com capacidade de 14 m³ - 210 kW
B118: 5502115 | C118: Escavação, carga e transporte de material de 1ª categoria - DMT de 1.200 a 1.400 m - caminho de serviço em leito natural - com escavadeira e caminhão basculante de 14 m³ | D118: =VLOOKUP(B118,CORRESPONDENCIA!$C$4:$F$2105,2,0) -> 2.6.6 | E118: E9667 | F118: Caminhão basculante com capacidade de 14 m³ - 210 kW | G118: =G117 -> 2Q 66 10 02 00 00 00 | H118: =H117 -> 2Q | I118: =I117 -> 66 | J118: =J117 -> 10 | K118: =K117 -> 02 | L118: =L117 -> 00 | M118: =M117 -> 00 | N118: =N117 -> 00 | O118: =C118 & " | Insumo principal: " & F118 -> Escavação, carga e transporte de material de 1ª categoria - DMT de 1.200 a 1.400 m - caminho de serviço em leito natural - com escavadeira e caminhão basculante de 14 m³ | Insumo principal: Caminhão basculante com capacidade de 14 m³ - 210 kW
... B130: 5502119 | C130: Escavação, carga e transporte de material de 1ª categoria - DMT de 2.000 a 2.500 m - caminho de serviço em leito natural - com escavadeira e caminhão basculante de 14 m³ | D130: =VLOOKUP(B130,CORRESPONDENCIA!$C$4:$F$2105,2,0) -> 2.6.6 | E130: E9667 | F130: Caminhão basculante com capacidade de 14 m³ - 210 kW | G130: =G129 -> 2Q 66 10 02 00 00 00 | H130: =H129 -> 2Q | I130: =I129 -> 66 | J130: =J129 -> 10 | K130: =K129 -> 02 | L130: =L129 -> 00 | M130: =M129 -> 00 | N130: =N129 -> 00 | O130: =C130 & " | Insumo principal: " & F130 -> Escavação, carga e transporte de material de 1ª categoria - DMT de 2.000 a 2.500 m - caminho de serviço em leito natural - com escavadeira e caminhão basculante de 14 m³ | Insumo principal: Caminhão basculante com capacidade de 14 m³ - 210 kW
B131: 5502145 | C131: Escavação, carga e transporte de material de 1ª categoria - DMT de 2.000 a 2.500 m - caminho de serviço em revestimento primário - com escavadeira e caminhão basculante de 14 m³ | D131: =VLOOKUP(B131,CORRESPONDENCIA!$C$4:$F$2105,2,0) -> #N/A | E131: E9667 | F131: Caminhão basculante com capacidade de 14 m³ - 210 kW | G131: =G130 -> 2Q 66 10 02 00 00 00 | H131: =H130 -> 2Q | I131: =I130 -> 66 | J131: =J130 -> 10 | K131: =K130 -> 02 | L131: =L130 -> 00 | M131: =M130 -> 00 | N131: =N130 -> 00 | O131: =C131 & " | Insumo principal: " & F131 -> Escavação, carga e transporte de material de 1ª categoria - DMT de 2.000 a 2.500 m - caminho de serviço em revestimento primário - com escavadeira e caminhão basculante de 14 m³ | Insumo principal: Caminhão basculante com capacidade de 14 m³ - 210 kW
B132: 5502120 | C132: Escavação, carga e transporte de material de 1ª categoria - DMT de 2.500 a 3.000 m - caminho de serviço em leito natural - com escavadeira e caminhão basculante de 14 m³ | D132: =VLOOKUP(B132,CORRESPONDENCIA!$C$4:$F$2105,2,0) -> 2.6.6 | E132: E9667 | F132: Caminhão basculante com capacidade de 14 m³ - 210 kW | G132: =G131 -> 2Q 66 10 02 00 00 00 | H132: =H131 -> 2Q | I132: =I131 -> 66 | J132: =J131 -> 10 | K132: =K131 -> 02 | L132: =L131 -> 00 | M132: =M131 -> 00 | N132: =N131 -> 00 | O132: =C132 & " | Insumo principal: " & F132 -> Escavação, carga e transporte de material de 1ª categoria - DMT de 2.500 a 3.000 m - caminho de serviço em leito natural - com escavadeira e caminhão basculante de 14 m³ | Insumo principal: Caminhão basculante com capacidade de 14 m³ - 210 kW
...
